"zone","area_building_dcmix_hr","area_building_dcmix_lr","area_building_dcmix_mr","area_building_irh","area_building_light","area_building_sdr_hr","area_building_sdr_lr","area_building_sdr_mr","area_building_sky","area_other_airport","area_other_parking","area_other_remaining_impervious","area_rail_bridge","area_rail_exclude","area_rail_other","area_rail_railway","area_rail_subway_elevated","area_rail_subway_surface","area_rail_subway","area_rail_tram","area_rail_tunnel","area_street_bridge_motorway","area_street_bridge_other","area_street_cycleway","area_street_exclude","area_street_footway","area_street_gravel","area_street_living_street","area_street_motorway_elevated","area_street_motorway_link","area_street_motorway","area_street_other_elevated","area_street_other","area_street_pedestrian","area_street_primary_link","area_street_primary","area_street_residential","area_street_secondary_link","area_street_secondary","area_street_tertiary_link","area_street_tertiary","area_street_trunk_link","area_street_trunk","area_street_tunnel"
-9999,0,0,0,0,0,0,0,0,0,0,0,0,0,0,0,0,0,0,0,0,0,0,0,0,0,0,0,0,0,0,0,0,0,0,0,0,0,0,0,0,0,0,0,0
0,39012,125747,287162,2138910,501109,986,2232548,633966,5204,50558,1506984,15181228,104989,160811,76156,1114782,2711,0,44277,13752,85507,65460,739775,140897,216857,1186590,206645,1826,62614,0,6869,176209,1684136,79060,426,668228,1396801,1778,517565,895,529722,3944,512106,78272
1,0,3818,13822,1483518,606150,0,5324532,602877,0,0,328210,5054041,24639,517023,255,686234,0,0,0,0,23817,0,398689,51659,45776,61834,101836,0,0,0,0,42442,1500570,134,5391,503642,3021741,1315,309628,0,255667,19653,0,140
2,0,2833,8420,599307,232691,0,2035333,231478,0,0,120606,2678937,1351,154568,473,144279,0,0,0,0,2474,0,96920,39,42,1134,6993,0,0,0,0,2036,243359,0,2901,171942,683879,0,97994,0,71881,0,10603,0
3,2058,1637,28883,837153,317376,555,2728117,315978,0,0,107549,1925925,4237,230849,27892,236242,0,0,0,0,3023,0,187112,44489,6628,23105,5709,1249,0,0,0,10625,906811,1266,13354,110517,1945457,0,114587,552,431333,1539,321640,1247
4,640,2982,35239,869105,576973,786,4352697,415622,0,30289,342731,2275911,16650,243940,23563,967525,0,0,0,0,47936,56957,409831,37916,81016,459037,162719,358,33517,40497,373758,27511,5684629,6452,5132,275941,1213505,0,697370,0,1002473,54976,579825,2125
5,5996,42661,205067,1841454,513873,254,4399995,628691,0,12321,937580,5268862,30477,147909,2474,1290031,0,0,0,0,33650,21558,242705,91357,61625,301831,221701,1601,93339,93040,794846,112720,1671187,8895,14463,436488,2758371,0,298560,742,894947,2010,148480,12805
6,0,16600,45698,1818876,1507601,0,9107490,927862,0,72305,596978,5822324,39384,1056364,137044,1750020,0,0,0,5960,24200,23641,1253995,70045,679071,766790,848478,0,0,0,0,99758,12720833,5697,2596,830904,1316071,676,2849116,6407,957026,7433,3432390,298
7,0,1856,18692,539608,198251,27,1735929,228623,0,0,178465,2950119,5837,161589,25703,282018,0,0,0,0,10358,0,115357,24679,1611,7810,3834,0,0,0,0,14807,397782,3012,0,84394,824984,0,31873,0,96687,8059,568805,0
8,263,11495,29272,370333,300781,0,1613903,137360,0,1397,333511,1860385,2815,68767,13821,84475,0,0,0,0,339,10332,111233,2197,64957,15137,28465,0,0,0,0,6297,285530,0,0,0,639985,0,48521,633,58613,0,96154,950
9,2394,1214,39348,564695,333202,37,2325478,223005,0,0,298229,1551573,564,0,3232,94338,0,0,0,0,118,0,65584,54914,48853,115245,4801,0,0,0,0,5793,225959,2326,1780,216304,1669302,0,83583,0,256149,0,50775,831
10,0,2927,26087,382286,254037,55,2081449,169054,0,0,138290,1256061,2707,8941,4275,202462,0,0,0,0,47251,0,34122,16426,2154,48531,7588,0,0,0,0,4596,216478,9005,647,65266,1268866,646,54174,0,170081,0,98298,0
11,0,1,2861,594033,752113,0,2817487,184113,0,17652,285698,1181866,11112,116441,7313,630643,0,0,0,0,15167,0,199419,24627,202556,314156,305682,1401,0,0,0,18032,624427,2299,355,147916,1720279,0,102652,0,508262,13700,223892,11547
12,0,29,233,371239,541179,0,3287574,128305,0,40462,365968,1593852,10602,119620,0,941243,0,0,0,0,8681,753,291787,21246,24837,82673,73316,0,0,0,0,10310,1553714,0,805,251860,1055533,0,221552,581,501306,0,253794,269
13,0,0,0,702481,873000,0,5583847,121779,0,93449,626705,1825811,18326,227523,78324,837653,0,0,0,0,35311,0,471722,35638,223083,309849,325278,0,0,0,0,26906,2622880,0,0,308358,2206485,382,516849,0,1841670,786,665778,1041
14,329,3084,71252,1692294,630897,0,5264146,197570,0,11362,655738,3766753,7285,6390,14094,459843,0,0,0,0,209,0,173959,14639,27126,183861,15175,0,0,0,0,43539,447269,13350,4827,459274,2240415,0,159551,238,605977,113051,219747,71
15,0,3254,11711,1154424,655553,0,4875594,155430,0,545369,360279,2538593,13956,175196,17485,443968,0,0,0,0,0,19366,326446,61040,145198,490991,221202,3689,0,0,0,48837,2920434,9724,0,195744,1834548,1130,498478,0,1700622,65154,967827,621
16,0,3072,17345,303572,294304,99,2442580,166988,0,13131,276931,1561777,8900,11802,0,452783,0,0,0,0,527,50275,248529,1212,55730,104632,101867,0,23300,32267,203876,23406,578489,862,430,133022,975471,0,48791,0,464083,109238,308197,376
17,0,58,3792,366210,432714,0,3145668,63954,0,0,148542,1634251,4960,1963,7985,97310,0,0,0,0,0,0,57615,0,16687,83518,6286,0,0,0,0,1218,176103,427,3163,160828,1831400,793,109188,0,164216,14643,72384,85
18,1668,6410,87479,1080652,710497,577,5499850,281510,0,14954,909009,3216864,14204,3225,2825,363493,0,0,0,0,78,0,528294,49796,57363,295941,81067,0,0,0,0,53552,1418410,6414,32025,321208,2395402,1033,253779,0,1033785,89203,794518,3331
19,297,4830,55880,1225166,705017,84,5213609,340403,0,53681,753172,3465613,9341,22253,10964,562272,0,100,0,5619,0,6978,358360,65084,113017,522041,136302,25909,0,0,0,48439,1369889,10045,6299,268961,2391971,517,426297,302,1319049,130540,502227,1896
20,0,1986,25243,644616,500037,117,4070946,245837,0,219702,574996,3110636,4172,3608,70341,62519,2835,184756,2892,0,0,46119,334417,46644,102046,385319,85400,0,60707,105782,979805,29673,1650974,2076,955,299277,1734330,0,351935,0,1121885,0,206694,30034
21,0,860,44694,979889,198045,0,1709613,110161,0,0,498484,1109215,0,1367,901,131094,0,0,0,0,0,0,102850,57265,4032,53328,4721,0,0,0,0,7521,419157,539,0,138355,1177481,0,30502,500,247882,0,117695,555
22,0,89,288,508932,421655,0,2487559,54939,0,39651,210985,1226026,2986,109404,18334,207977,0,0,0,0,0,0,212297,12494,40540,379917,73791,0,0,0,0,10207,1310722,3876,0,44996,710529,0,319232,0,777804,0,8122,0
23,0,1196,11274,469829,410118,0,2977627,82032,0,238130,284769,1825311,3940,3973,2196,249936,0,0,0,0,0,0,130844,279,20726,189160,32147,0,0,0,0,12692,558623,511,0,104379,1223485,0,28285,0,426628,21251,183282,0
24,28,4757,16658,943555,901168,0,4707194,120566,0,75514,612268,2969581,10771,44070,18705,894132,0,0,0,0,0,0,320423,35593,65005,887014,400084,0,0,0,0,32500,1699077,1729,1791,103185,2539675,452,855493,0,918190,19261,503688,549
25,0,93,4608,679962,463301,0,3469502,114736,0,1204607,1167229,1673064,10229,150817,8178,482785,0,0,0,0,61831,60025,426063,1896,234711,884510,372236,574,41820,93144,1013849,45773,2559038,1369,0,118791,1236768,0,1085529,1873,1702631,68314,487145,1344
26,246,4812,95955,697091,304559,0,2669059,717671,0,0,692666,2010512,2209,28764,15805,112475,0,0,0,0,797,0,114790,28398,6618,165247,16773,0,0,0,0,12522,307948,7932,0,82022,1509958,1087,28065,539,301599,1525,167419,92
27,0,744,12345,910162,655247,0,4204488,373010,0,1366997,424843,1455793,12302,372701,0,555562,0,0,0,0,53915,0,441138,4787,188774,777111,419950,0,0,0,0,39116,6442266,4699,0,363401,826056,0,524526,386,848708,36697,2032461,1834
28,0,172,3352,905318,484488,0,3457204,492513,0,43549,247726,2140016,12331,469289,71296,598480,0,0,0,0,20065,30047,453067,23458,76291,551318,1321836,52,27250,6444,56889,15225,3483228,0,2375,155204,747346,0,379058,0,323120,0,478960,599
29,1800,2391,121541,1077490,362653,0,3170060,681750,0,0,472937,3001434,13973,30213,2622,259167,0,0,0,0,0,14,91627,49498,43856,187872,18104,0,0,0,12710,17936,399604,70501,1139,185493,2213493,3190,102969,129,120297,341,248087,177
30,223,168,7948,970021,593186,2184,4011444,534532,0,111711,548980,1967362,38757,37690,13544,718393,0,0,0,0,0,60109,365141,29206,187922,1068699,249169,1772,7358,36597,944918,44839,3984903,18636,0,512864,1622098,0,583101,374,616228,2398,239197,529
31,0,1066,3754,1291961,498641,1185,3396909,340672,0,211851,479526,2136829,7734,51017,170394,311483,0,0,0,0,6010,20635,357306,17307,110889,568239,180460,2240,21739,141850,909798,64513,2340104,6561,1071,327532,1431154,549,388193,2044,327756,58874,514289,148
32,2247,404,19193,1276217,616358,6070,4986071,394478,0,32311,812628,2412659,20087,244667,873,972107,0,0,0,0,5939,23286,437567,44661,198448,1428282,684088,30689,15414,67070,375105,63432,2888059,16097,24063,366981,3050250,331,174719,3380,895280,109717,535439,7849
33,0,516,2670,706530,542653,0,4313242,204297,0,210105,490441,1691421,14881,207592,91061,580037,0,0,0,0,11681,0,327584,19598,505323,778056,684931,1558,0,25653,76603,39390,2740774,999,0,152265,1592890,0,330941,0,822538,140648,655426,171
34,0,13,13044,1073841,421428,680,3619299,215380,0,144606,732631,2401408,11594,9341,23522,700919,0,0,0,0,559,57266,129735,68599,80465,276010,42594,2742,25880,87197,259529,19117,632189,693,0,217226,2279673,475,138028,502,375011,0,0,884
35,0,907,7411,778213,475035,0,3969525,121370,0,181494,512372,2057296,9369,18867,5369,249108,0,0,0,0,7979,10096,109322,28604,41262,246527,51919,7805,8102,34259,339325,15343,609817,147,9367,144998,2058734,0,40968,1699,419978,0,0,814
36,71,2476,4040,641278,275530,0,2255016,95665,0,555,323109,1407404,89,68309,2082,0,0,0,0,0,0,0,43656,12563,1900,40626,0,0,0,0,0,4592,335542,12884,0,22611,1349347,705,42675,0,121605,0,0,111
37,0,98,9219,363431,368641,0,3179194,196870,0,423899,382191,1474731,3724,693,3252,345885,0,0,0,0,0,5767,241153,7058,49444,280307,267809,34631,11499,16198,254580,22214,822311,4076,223,243105,1625505,0,166668,1150,246919,0,36694,187
38,0,3518,15639,658409,459042,0,3891935,117150,0,0,467154,2259685,1031,25572,11253,136581,0,0,0,0,0,7577,153466,29587,18242,236177,49628,531,6558,34309,30412,19776,320238,10826,828,71140,2166830,0,65232,0,301952,67989,156916,170
39,5804,2143,51545,1055034,872305,0,6705724,279159,0,24301,970404,3458767,10946,98809,19545,1016368,0,0,0,0,1405,3194,680045,34278,1543916,694485,1509977,0,8533,12901,235830,58347,3359888,5634,29269,526820,2905787,678,592847,1410,1273271,34754,655891,569
40,75,483,34394,736597,271620,1731,2401144,294274,0,296845,478876,1970075,7835,12001,1412,248981,0,0,0,0,1288,0,92437,13436,9740,94630,57922,14550,8876,14399,10550,20657,373998,10405,4898,80722,1312541,758,84084,635,136569,4996,67539,1661
41,0,0,6131,1377524,629524,0,4208017,352132,0,385430,731385,2450675,18317,162288,1644,784660,0,0,0,0,230,51939,383628,46885,283802,738557,618724,1899,13340,116182,292775,48563,2919238,6109,560,558479,1506527,673,262821,1525,745176,62863,468178,832
42,92,586,14093,830688,580234,2860,4075333,500245,0,123726,774104,1869287,14202,211117,42417,536779,0,0,0,0,18061,24370,451590,13681,520475,886455,735909,5728,9850,64515,595434,57075,3579614,7528,0,336024,1772537,1307,354438,593,871459,43836,772805,822
43,1907,2287,26275,665149,300312,8,2615570,162959,0,0,234627,1550012,5645,4464,5152,274157,0,0,0,0,0,515,59387,9301,27707,189326,29388,1970,245,0,1183,30678,786128,9221,0,143373,1144208,0,135482,0,147456,39160,325105,1699
44,171,1758,33734,880341,424609,1817,3704900,495028,1209,47797,471902,2344678,8828,35211,0,434275,0,0,0,0,12621,4514,131699,20861,192691,804513,249202,0,3568,8141,8664,40876,1545148,7997,1201,150294,2213190,860,156222,294,847503,26896,485598,756
45,1767,0,9722,596025,265255,1588,2286187,545483,0,62908,410437,1980757,2142,3637,2074,317871,0,0,0,0,61941,24854,75668,15085,80601,279466,60305,0,23674,87375,552552,25433,603354,0,0,273663,1631845,0,160733,2431,387495,24342,202143,3808
46,160,379,33616,777583,478195,616,3961471,535264,0,79996,467651,1624598,28881,24763,4757,596334,0,0,0,0,0,22589,276524,32163,287366,1241014,581119,0,17886,13301,350612,29163,1930706,12290,13609,316738,2056197,580,422681,1377,1666612,30184,341941,10401
47,0,0,3867,321382,275385,196,2413522,381586,0,7307,217670,1449484,14535,19591,0,360876,2811,72526,1957,0,10173,50278,94095,12348,32576,202928,69850,4160,47655,23092,445641,21835,644738,0,2902,169983,1582338,0,23603,730,209678,2338,31030,878
48,8870,279,95798,545208,151382,1143,1349652,719016,0,0,265303,1502052,17193,20959,2807,313464,1042,12182,0,0,44872,0,41545,12722,2478,54318,3226,0,0,0,35926,10254,160055,4314,18671,129737,1122787,0,2122,6264,111359,18053,40839,536
49,8,395,36099,1000009,523640,1172,3803209,297259,0,65801,680523,1850845,56799,59356,3190,1835396,0,0,0,0,53804,16338,350270,124572,314434,768302,458139,8846,20808,21830,917857,76942,3654699,8091,9008,603905,1715712,963,163760,0,1348606,16002,419633,3564
50,11897,14395,78019,781567,587056,924,4375311,460158,0,33262,624168,2139145,18177,73478,1958,890224,0,0,0,0,0,0,283658,79079,271385,734236,218014,0,0,0,0,55177,1938102,28235,2250,374912,2610900,207,193440,0,950727,133650,998884,17539
51,2547,1589,55552,1031936,271287,1153,2262574,311064,0,0,748964,2769665,16475,27400,28,480643,0,0,0,0,41745,9656,185854,57794,38929,195354,49513,0,15645,13036,111145,82377,639426,10962,4033,303745,1420603,16328,206759,6941,246705,181181,326259,22839
52,303,4043,11000,738417,450371,190,3389328,229829,0,58367,466936,2730984,21659,57650,28090,949732,0,0,0,0,283595,0,288425,87524,274363,546227,225579,0,0,0,0,37518,2270513,6035,0,267373,1923693,0,105943,0,861937,52958,718958,2290
53,0,5221,45237,519369,275351,0,2326449,245371,0,0,199938,2025375,8691,20591,4146,702423,0,0,0,0,35568,0,156965,52209,17094,162422,50868,3671,3100,16101,42304,24740,800525,6987,9575,181437,1548265,0,46958,0,425749,123188,132703,573
54,3294,2252,142460,948204,638668,132,4895256,399259,0,121881,421564,2575716,15650,17310,18601,1235169,0,0,0,0,28565,17119,207867,31432,85628,388059,163959,2882,41893,73974,720152,50040,3307589,13920,0,144640,2254038,0,310603,0,896522,28285,373014,747
55,0,292,10152,502119,493951,0,3874941,144806,0,38467,595115,1741014,24886,16973,3382,1091216,0,0,0,0,127553,55063,256846,3190,94692,546510,198228,1409,53373,116396,1037268,60290,2600804,4671,0,271238,1881473,1459,293251,0,880427,34831,312712,5604
56,6481,458,12981,698429,591227,82,3249548,210366,0,202074,338421,3857835,34319,92669,305229,1246224,0,0,0,0,129766,18335,227915,41220,210342,856046,278462,0,3890,70397,398824,58852,2714947,6450,0,252124,1808186,445,230636,0,990475,27878,544529,22390
57,147,5529,33856,1424736,564760,0,3881362,413802,0,29239,409107,3631516,18462,66414,48637,731137,0,0,0,0,1094,38083,456589,80599,128367,384161,196040,4880,44292,26143,788152,84367,3384577,11224,0,392535,2219971,0,252994,0,996803,95678,564935,497
58,0,12278,65193,875100,497601,0,3944284,557910,0,468193,329263,2995699,11692,22229,788,616909,0,0,0,0,19925,0,84446,86011,23423,204812,43970,482,0,0,0,9227,534975,6745,1415,209935,2396577,0,266660,0,468456,2510,352141,20775
59,180,1690,13800,1089764,465606,558,3637470,295380,0,3822,422219,2466612,16804,5947,5876,777449,0,0,0,0,57746,9602,270229,69133,117847,336324,233648,0,18780,118866,502369,62251,1659308,74,12790,305155,1913495,0,158557,2875,798875,43942,553817,1644
60,0,4632,67896,609739,394802,0,3174552,303847,0,17129,382269,1349636,6365,87603,21411,316844,0,0,0,0,23096,0,175464,31232,36616,228934,226273,0,0,0,0,12663,1667198,2422,0,263725,1514935,0,316659,0,579625,16641,470122,2174
61,2302,32642,55570,1090542,270130,80,2286008,254636,0,0,261992,3055943,14280,20425,0,276543,0,0,0,0,10554,17786,185650,7058,22645,154653,50339,0,36535,68102,196262,30062,344495,8331,0,187702,1246900,0,27095,0,209294,0,222968,42
62,0,7811,21970,868381,442993,0,3689594,439373,0,11765,361658,2788407,15020,51962,233,499344,0,0,0,0,1917,49968,211814,28462,118504,222947,79706,0,59437,116109,1140058,40442,974759,5703,0,464694,1943716,0,293321,0,583526,0,17388,443
63,98,633,20872,958486,425711,196,3120888,411990,0,360928,294801,2625095,5466,17738,10463,449885,0,0,0,0,0,4118,98958,11594,9732,6478,15479,1879,7756,29873,439566,30177,630707,947,1473,221387,1569952,0,248208,375,931955,8047,317885,149
64,0,46148,60246,865907,244953,98,2119418,343274,0,0,183128,2510198,21198,63533,0,161743,0,0,0,0,1083,71817,160971,18907,28117,329799,42187,0,47505,83470,371009,19643,561725,2084,2961,172850,1531289,0,82576,408,118609,12014,44875,115
65,3883,7047,128539,1234938,538684,2482,4071485,764080,0,46210,791668,3590735,36168,149024,2400,1096425,0,0,0,0,19465,35626,279989,88013,88792,248900,74101,3846,34267,43117,781288,66564,1330464,20032,6030,378257,2094428,0,186063,300,2213289,996,358559,431
66,0,50912,52727,810083,311689,0,2606908,239811,0,0,219453,2981799,4116,68569,0,77853,0,0,0,0,889,7484,121575,11047,16135,71251,23647,0,19175,45965,235458,21795,793444,0,0,80097,970225,0,135287,0,160295,0,193134,112
67,21385,27934,219374,1534851,432986,3879,3625584,864647,0,0,606042,3218419,20662,44265,12246,383857,0,0,0,0,1659,26984,182678,57051,32485,215133,18972,0,34182,87664,779456,59051,948215,7717,800,91765,2376886,6206,350786,2050,1020566,6194,377378,816
68,4590,7005,27105,654896,344693,900,2576365,543160,0,19100,306121,1765438,35856,21407,1407,487807,0,0,0,0,7536,0,324166,10690,168732,782893,127317,0,0,0,0,79268,1973637,568,609,96539,997120,0,390717,0,1827712,0,433252,45
69,0,10029,9299,475732,247989,0,2079831,271878,0,6349,123419,2262162,3985,61475,41443,0,0,0,0,0,2764,0,101748,8755,34304,49329,51839,0,0,0,19184,20580,473753,0,1485,160900,966769,0,124002,1277,42944,44224,66636,245
70,2390,34794,92794,1365561,447943,1764,3764273,455583,0,10243,374430,3047580,8248,70905,5845,397167,0,0,0,0,0,52996,133953,28304,10616,81825,42036,0,58819,110474,555379,44159,670464,311,6571,89997,1860720,805,250329,1103,523615,12850,510210,123
71,0,260,44324,1542255,516415,0,4115896,484128,0,0,254328,4074639,15955,130066,11883,581133,0,0,0,0,14078,0,220822,24779,3486,51080,92260,0,12090,43993,319743,31406,1329524,5488,2251,208339,1588458,17296,336353,7422,1264626,1410,542534,1200
72,0,1812,16291,1207912,602898,0,4243920,364381,0,37993,253256,3138654,7833,92667,28640,312627,0,0,0,73452,0,0,236562,0,13625,76095,29443,644,12480,5703,502732,32518,582788,3665,0,256892,2031724,0,315443,0,1890764,0,147079,672
73,312,313,3804,924582,401377,0,3494425,257193,0,0,617722,2452083,8491,82136,0,275561,0,0,0,0,3789,44759,203781,31258,52887,140933,11572,0,19834,46617,679621,26806,586396,0,0,200769,1636728,2871,282159,5726,575795,48831,157379,493
74,1568,3835,99404,1365586,621374,346,5329832,642303,0,17035,974017,4367908,23514,43322,173312,554878,0,0,0,0,758,0,241062,43902,41641,485474,117552,597,5013,15876,129224,65458,1153330,6614,3491,163497,2231960,1086,69568,5117,1360042,126037,751170,1705
75,0,2716,20656,1410361,494536,172,4030269,370943,0,375443,511106,2367552,8597,331961,0,305593,0,0,0,0,3695,12767,306772,14769,89615,371767,121289,867,10324,57040,314204,34331,3032609,255,0,239349,1571985,0,268877,246,1272074,2770,560320,0
76,514,25843,61209,1247580,493486,0,4161734,413539,0,50354,515204,3084566,4370,82069,60154,227898,0,0,0,0,189,21552,285867,18683,13642,334447,28565,2407,10198,23142,422491,22071,1277818,690,0,127352,1761113,0,300819,0,723732,22392,310509,49
77,681,2063,40196,676827,311543,644,2399448,216099,0,163089,267219,1254185,10809,326246,14311,600882,0,0,0,0,47491,0,228081,1408,98267,545092,167487,516,0,0,0,13625,1564009,5933,0,64039,775490,0,116363,0,1199583,1792,184605,364
78,0,4050,11695,1709955,432417,98,3600498,342694,0,551569,1020857,4441559,10448,166399,21233,487918,0,0,0,0,1872,10064,322017,63740,15158,314724,61285,0,7580,58224,434582,59406,1431203,0,0,111122,1365196,0,224859,305,1075433,54330,814846,2452
79,305,4132,18521,316722,199509,187,1770539,244688,0,0,212415,1196035,1756,5402,0,144092,0,0,0,0,0,1654,40687,1683,4025,18797,2252,0,0,0,0,3755,60980,0,703,45523,440152,0,56677,0,52040,3265,72768,222
80,2755,256,52402,1108240,341915,71,2527281,329192,0,17191,273406,1609563,4149,84168,1925,303314,0,0,0,0,0,11647,140936,1122,4155,17156,9346,0,0,0,0,9433,2895784,7713,0,31776,993094,0,192783,534,1076939,0,435779,0
81,2303,9880,35380,1948451,1116832,0,7055353,565273,1232,1135913,597881,4447142,1080,621288,27915,487532,0,0,0,0,5571,5378,748007,9526,25452,284698,474223,0,0,0,0,10179,6860345,10837,0,751320,1936521,0,634885,0,1901425,0,533680,1001
82,11597,3350,156445,778685,287017,2052,2522992,493753,0,0,492662,1834229,1051,106820,0,225678,0,0,0,0,0,0,142066,11669,31523,121612,13797,5012,0,0,0,23979,344516,32254,1269,25730,1572652,0,101551,1025,160760,0,101406,421
83,0,235,3944,1260281,769065,575,5403108,279569,0,1141671,431498,2411486,5135,220318,8446,1228659,0,0,0,0,2254,0,534085,3229,69468,156220,221331,1016,0,0,0,20033,2495548,547,0,197156,1620009,0,447711,0,1050924,16504,578800,254
84,4714,99,29348,1614053,546387,116,4044346,339841,0,65738,252120,2628616,3711,238557,0,465599,0,0,0,0,0,3672,286154,9247,26533,29873,56326,0,0,0,0,21646,4368923,4731,0,107665,912368,0,1069643,2521,1230633,0,558348,0
85,0,3291,50919,1483550,705424,628,5457463,579361,0,573429,530265,3031657,26279,321612,6243,1563130,0,0,0,0,42498,48866,499270,30528,27742,187574,209974,1536,0,0,0,27626,2480850,4693,3231,257343,1296271,0,402477,1121,985564,101172,420758,0
86,984,3399,22494,1252365,698982,565,4794587,326183,0,644507,292247,1875181,19131,82854,0,1264861,0,0,0,0,0,22677,365194,15338,70153,327763,301468,0,0,0,0,17203,4379244,2031,0,229121,1593769,0,961226,0,1505852,1626,1029576,0
87,0,0,323,1824654,1043075,0,6101005,164846,0,204210,713234,2256469,6890,270916,155413,680382,0,0,0,0,0,4918,730778,31609,120652,285863,922711,897,0,0,0,45823,2331353,8445,0,105354,1365418,1800,322102,0,2586398,115503,1221516,863
88,1274,4388,11006,937329,776976,40,5707674,170301,0,150365,475237,1949472,12620,185948,101875,731757,0,0,0,0,1174,4642,491427,95060,97589,174353,244754,10839,0,0,0,32694,1751216,0,1487,89077,2033847,0,378016,0,1677573,25138,533864,0
89,738,15113,34571,921843,514488,0,3537934,185709,0,27684,463728,2045578,2370,61326,16046,118361,0,0,0,0,354,617,258223,10144,34643,105723,80970,0,0,0,0,18326,710107,2594,1029,200374,1644963,0,31405,0,647386,982,216910,102
90,2260,16916,61939,1792783,1120766,73,6867689,322497,0,546319,675006,3647913,7533,474262,2869,457788,0,0,0,0,0,7371,835462,47836,59900,140259,323987,2220,0,0,0,63208,1971423,10001,0,298894,1893830,0,335427,0,2546218,35846,779359,0
91,79,1428,7424,885370,906784,516,5302624,164191,0,539721,477705,1521856,13680,409404,106387,421897,0,0,0,0,234,1852,855521,9189,98993,120645,405240,0,0,0,0,12669,2411797,1408,795,368345,916055,0,289104,467,2086263,0,314770,216
92,14115,5356,187994,1121713,382634,5102,3350504,676769,0,277416,445708,1743554,7765,20045,4303,222776,0,0,0,0,0,96,177899,15855,111116,229808,61759,597,0,0,0,34720,697826,41990,296,132425,1978461,0,39985,0,208944,5656,165377,963
93,0,0,2726,1144570,895152,0,6156980,178251,0,264281,781781,2075650,14554,157885,87309,858428,0,0,0,0,0,3454,715487,5803,238856,179531,593877,529,0,0,0,87259,3065124,1792,0,0,1349202,902,485469,497,3154001,182068,1606938,547
94,5443,7720,130366,1646825,194991,169,1666236,235832,0,9027,294204,2074398,2893,29590,9188,254012,0,0,0,0,28245,2599,112665,2296,3750,42546,1335,0,0,0,0,7123,495701,2273,0,171199,1258960,0,49576,0,362175,0,308506,463
95,175,23025,13986,1706812,467980,78,3661203,268372,0,46384,284283,2274257,18712,259609,22420,723911,0,0,0,0,63517,5931,260577,58900,196721,329254,274854,0,7733,31503,487641,59690,3097996,3111,0,585347,1463640,0,170312,0,1657262,36869,1103084,3101
96,0,0,2936,1168517,396257,0,3196286,466316,0,376680,308012,1870734,18401,252195,7313,78312,0,0,0,0,121,0,337283,14651,79288,251461,96100,0,0,0,0,41486,1735209,0,0,175834,1711094,0,243410,0,671248,35244,940560,0
97,2567,1139,68008,1005140,356898,0,3036743,476246,0,28786,335958,1742531,13158,29447,38358,511613,0,0,0,0,0,8088,162850,7171,30921,57028,23297,0,0,0,0,26239,835590,4404,0,200973,1914885,0,179625,2140,761538,129352,777547,315
98,5117,3518,208255,2583930,643341,1231,5670670,1062802,0,0,738484,4040208,19470,55886,25232,271240,0,0,0,0,17033,4542,295453,134701,67860,77636,13487,119896,2601,1755,5750,50232,662273,8481,5646,408005,3683396,1349,71227,7463,441116,107129,545006,387
99,0,52,1146,777503,497834,0,3957358,237149,0,134689,484888,2253538,18810,495441,0,543441,0,0,0,0,5028,6160,249608,20035,825585,829814,1130840,22978,5013,33757,120183,65264,4291912,1108,0,179745,1258008,0,231678,3826,548685,71278,903901,1483
100,48,115,9222,1211225,295248,1401,2339416,368129,0,104314,181829,1646153,8075,43241,0,350648,0,0,0,0,0,0,135966,6316,17769,73988,60514,0,0,0,0,22050,643896,2675,5608,173353,1487713,420,219850,367,399657,45601,542500,398
101,0,4011,16590,601691,375566,0,2665499,255252,0,0,391686,1748888,59744,134305,56707,1530825,0,0,0,0,29430,0,685160,3570,431985,1202429,1145551,0,0,0,0,81240,2834280,1357,1114,94096,698597,0,665572,0,1089812,0,1192434,783
102,0,182,2402,1852661,962428,0,5411751,561110,0,927308,468181,2393469,21801,325402,119353,1771541,0,0,0,0,1633,9336,479163,12941,174550,380307,488319,261,2855,0,237927,72226,2629478,512,2899,281302,1292498,0,390101,451,3143871,82828,1066693,5469
103,2083,12864,90294,1642265,956007,663,6488513,780368,0,294508,744363,3593673,23229,415241,4901,535554,0,0,0,0,12020,28009,657530,33960,303385,998232,1172883,1102,18414,119482,911209,71795,2620462,5931,7674,259287,2335248,0,490332,606,2099908,22221,942437,629
104,0,1573,1105,603521,440456,0,2867531,332314,0,35711,297698,1423509,10933,232442,137004,128300,0,0,0,0,4591,10910,509330,0,353060,649205,1143397,1750,19328,36194,333956,31357,1436577,818,0,413650,619085,0,433791,761,1471660,0,79119,0
105,0,0,0,1215638,630366,1429,3339142,314743,0,193612,348800,1195881,7487,475004,147914,711656,0,0,0,0,6319,0,533719,2689,288498,391632,784439,0,0,0,0,16517,3148716,1893,0,131386,718036,0,299165,0,930353,21900,927669,34
106,0,35831,282729,924267,562741,0,3820604,699664,0,9181,591159,2288211,35415,278411,102408,811119,0,0,0,0,16932,2750,403476,49529,164625,379471,236577,0,0,0,0,33246,2196076,24813,682,314922,1967006,0,254525,0,990339,0,687703,240
107,32672,3806,120623,1576844,542226,285,3581842,312186,0,445202,309426,4151936,31245,290827,0,2412506,0,0,0,0,4122,0,428004,57197,101564,229514,215783,9727,10427,62539,374289,63929,2237081,92,3342,465772,1240601,0,202625,0,1313067,37224,995886,0
108,2513,9504,45113,1279448,422404,585,3658860,415671,0,0,501263,3508436,3216,146603,6493,253029,0,0,0,17957,2523,0,261609,26437,56960,359354,117334,0,2166,17682,295460,10890,267938,5031,0,74763,1505526,0,237699,477,225684,809,134095,0
109,32824,4602,64870,1670836,593960,1034,4636808,514975,0,177035,483659,3497454,32700,94633,1281,1728830,0,0,0,0,11708,33250,620070,1981,105940,278988,570680,3150,4450,6610,168995,63893,1524444,11542,3325,507090,2157934,0,461145,1040,1190767,66356,1034787,119
110,0,1337,29645,620698,388253,0,3394496,267655,0,6027,599213,2023187,4114,79602,5930,471461,0,0,0,55657,195,7254,172973,40422,52114,401961,109545,5440,9182,21343,501452,31937,505376,9436,631,215149,2050703,2037,182356,1913,397543,39381,268241,318
111,84,2679,16187,556062,437595,0,3792704,271602,0,6873,354322,2300011,1714,62559,14564,208753,0,0,0,0,4087,207,113498,6190,42105,202055,51863,0,0,0,0,8451,346090,1478,0,96125,1861818,757,171417,0,339556,1339,129023,644
112,294,2883,67127,715090,338166,0,2928383,363684,0,0,529644,3179323,25513,74122,4120,276439,0,0,0,0,0,0,159725,12374,16870,72487,25879,0,0,0,0,4856,217050,9395,952,51561,1133956,0,53016,0,138386,0,298022,0
113,7721,4039,40405,1342321,612769,11,4838659,545209,0,86920,639043,3628593,24775,274858,14381,1112457,0,0,0,0,6237,17043,453380,13900,201921,793158,352365,0,0,0,0,61703,1477946,5462,1505,203346,1732570,0,194213,1581,1059248,93019,864884,1882
114,11253,786,29980,811552,534614,202,4469199,306174,0,278244,694863,2337775,27368,89803,115450,729772,0,0,0,3358,20658,0,321949,60422,111559,917640,283463,5679,0,0,0,40068,1273099,1511,0,162737,2229555,0,29451,3226,1571520,39261,684195,264
115,5335,7289,47635,1927738,651725,1005,5014012,526111,0,733123,764267,3086787,34457,176897,4149,1650030,0,0,0,0,18866,50109,506458,149405,285910,1074351,311820,598,11508,43626,196331,81877,2793706,15216,5279,489178,2411133,1316,403339,2282,1000867,53001,753234,2499
116,859,34703,106522,1019977,380816,493,3307958,650566,0,0,724177,1755290,5918,2157,2741,358309,0,0,0,0,2394,1677,129210,136854,34740,429316,44754,3213,0,0,0,41190,672754,12954,1941,161156,2022866,2133,156976,1497,166443,22909,281128,1508
117,0,86,2569,881626,657526,0,5100091,285830,0,411997,587113,2085083,14482,108243,93895,618787,0,0,0,0,1940,11161,451527,82806,528616,1601267,714927,4041,2377,57477,62599,48045,2529800,4569,5155,745991,2503883,1002,501755,6851,1615170,11966,286362,1411
118,0,3406,2151,1382105,646404,0,4624140,245272,0,239144,664840,2275989,8362,83004,2386,760560,0,0,0,0,0,0,329596,59371,230324,675275,572201,8003,0,0,0,70386,2129918,3526,2619,456200,2414637,9108,606207,483,918385,116215,1153150,440
119,0,233,3673,966887,584532,0,4092254,258720,0,906893,513872,1482496,14985,175415,15093,472976,0,0,0,0,2655,8967,336039,90482,458870,951511,318077,0,0,0,0,29984,3688747,15447,1713,561042,1679902,0,739787,0,643731,37107,738001,258
120,0,119,6869,1153322,642433,0,4704222,884788,0,19053,628173,2523223,17737,273431,73957,621323,0,0,0,0,9152,17344,530759,23739,53166,289301,312383,0,0,0,0,16629,4506845,5143,1213,472171,1335415,0,397785,11324,569087,4277,644110,1626
121,0,16,209,1525126,784502,69,4964799,230503,0,24070,691052,3184645,6099,91501,4668,504459,0,0,0,0,471,57477,408002,20210,61614,183268,557132,275,47815,81783,986370,38287,3131701,4478,6709,367574,1839870,0,389293,1110,220059,3113,153285,0
122,577,5745,26049,1612214,1005232,3331,6899248,648375,0,748526,560489,3012774,26960,193687,21541,1294131,0,0,0,0,17801,10435,578243,5797,31621,189675,168464,0,0,0,0,59898,5055237,6119,0,676134,1738387,795,499426,0,1388499,47512,907500,208
123,0,3320,41634,781744,598863,0,4508025,486008,0,16504,759372,2263610,5399,56101,0,737596,0,0,0,0,5086,42084,346423,15915,18178,58049,38627,0,19620,20797,691514,34137,2132568,1243,6660,233191,1274552,0,166629,666,353940,668,39502,369
124,5660,1330,5732,383393,294923,0,1969444,91509,0,5056,220346,1458743,4837,74943,0,330375,0,0,0,0,169,15514,388027,0,106293,68938,141407,0,0,0,0,9254,2243298,0,0,254731,445173,0,201295,0,395206,0,0,0
125,9551,4135,33462,915357,318929,103,2805524,332481,0,0,675311,2984486,12876,102853,3190,231249,0,0,0,0,0,5561,157851,19301,133270,49423,308642,297,0,27684,171739,8819,358916,8378,0,125512,1185413,0,58770,659,568979,702,358834,0
126,17664,5244,200340,1901500,478591,2683,3772985,747044,0,82348,764488,3746599,10028,106170,2880,738936,0,0,0,0,0,2863,350393,52823,14725,417942,119397,2709,0,0,0,74624,2322711,5305,562,10215,1435363,0,394439,0,703815,49889,643570,213
127,1720,4059,62681,1050119,473849,660,4033678,411046,0,39359,568480,2784861,47225,40657,29117,1166080,0,0,0,0,1554,11844,203448,28125,61228,343061,70929,0,16947,76486,415485,50320,1756749,8657,1547,313224,1408330,0,133207,277,522979,74587,1186631,122
128,961,1344,51025,1004612,414492,352,3597001,500449,0,0,420525,2861698,4371,162068,35195,405094,0,0,0,0,11954,4210,299482,32111,89727,145214,117382,11477,18206,30250,404658,22261,1076292,1147,307,195629,2108477,0,294505,0,579027,86864,564629,0
129,0,31,4505,928614,535268,490,4405099,350424,0,194242,669848,3072484,10784,116754,4584,402583,0,0,0,0,980,11110,301415,16553,92770,320617,69863,0,30894,140717,717116,29258,2248889,2206,0,165585,1199152,0,137728,3897,1109241,2534,748078,72
130,3674,1646,71587,1581534,656688,766,5320036,614055,0,15746,671930,3347571,22639,121870,14476,1346320,0,0,0,0,12238,4591,586547,35113,85505,409401,153545,9703,10997,29393,658868,42209,3203788,14683,0,300212,2192713,0,261768,700,1083731,14986,921437,230
131,0,1508,14435,715354,526889,0,4143071,587256,0,26217,523241,2482998,23343,209982,299283,127133,0,0,0,0,12016,12023,518869,69826,65276,600886,252947,3426,0,0,0,27559,3980602,13758,1434,135949,1365025,0,213189,10094,1295178,0,755328,743
132,720,6509,23723,765566,237842,0,2103559,220939,0,0,387804,1717418,14015,15643,20342,241722,0,0,0,2504,0,0,106116,19555,1482,38551,5057,2204,0,0,0,23587,183545,8077,0,60326,841998,0,91595,0,97556,59418,185214,0
133,0,15,802,721357,536410,0,3610248,60733,0,211174,314235,1262618,5203,131750,0,268720,0,0,0,0,1314,0,485586,44810,123163,756808,191446,454,0,0,0,43830,3089157,3078,1595,591295,1361249,0,851533,0,1834037,95568,534834,58
134,0,1897,5859,734736,412392,0,2624612,211975,0,1112167,408604,1609154,3374,14601,15278,342414,0,0,0,0,6931,1630,285007,60468,91223,167294,706606,54511,0,0,0,34025,1065903,4289,340,136544,1203949,0,357402,247,769492,76842,605828,607
135,10173,6656,125900,998483,410971,979,3482186,385987,0,0,599231,2279192,11398,1260,2780,318231,0,0,0,0,5457,0,91768,45854,6506,255288,21259,25229,0,0,0,22488,422740,34605,4835,300930,2001768,0,63963,794,544015,20294,140535,351
136,5705,3208,5280,1208102,715474,861,4712210,148273,0,365303,313535,1649322,15763,38162,11661,833342,0,0,0,0,0,0,641126,30809,55854,284369,201899,196,0,0,0,59700,4567366,3775,2708,223255,1416465,0,1005483,1002,3424654,81555,1127519,0
137,0,18957,2757,1387583,566892,487,4029092,148842,0,298930,461500,1729263,6975,158876,0,261094,0,0,0,0,0,5877,320645,100014,35431,277832,302929,0,0,0,0,41912,2445574,23564,305,439996,1953041,0,569491,0,2525455,59546,968199,599
138,5373,3195,11860,1239814,876042,1937,5635869,171532,0,759855,812826,3090611,12357,74626,1000,1049049,0,0,0,0,0,11054,554342,56556,276508,724472,572400,892,0,0,0,44125,5371892,14480,6986,522399,2403178,0,1364132,1033,2279825,76084,1051677,250
139,557,2397,13545,1091337,642683,0,4593768,214586,0,25934,496823,2070667,8497,54912,24598,479248,0,0,0,3833,0,1983,364785,16846,72640,125604,190079,5283,0,0,0,8611,2149477,4702,0,216428,2234394,0,460629,221,775099,0,560347,1035
140,0,310,33285,478530,421692,306,3635611,776616,0,0,623432,2967192,28679,7768,1743,540867,0,0,0,0,536,16631,260011,1570,21020,97625,67273,628,7519,0,50086,16227,186398,1702,239,18742,317061,0,12631,0,28201,5356,84608,0
141,1197,0,44443,169686,208959,1239,1824128,365626,0,0,179693,1188279,7447,20866,0,207815,0,0,0,0,0,0,47872,2891,47630,136338,31808,5913,0,0,0,4496,152560,7316,0,21857,1283050,728,128187,0,78377,0,219298,769
142,935,196,59314,629955,472857,2,3958083,461684,0,9315,802182,1679062,25435,40784,0,1019283,0,0,0,0,19647,8815,271558,49238,660760,783770,540545,16326,3697,6144,49862,51969,1883676,7486,18990,458411,2498905,0,109378,525,624794,55141,264250,2617
143,0,0,3169,349484,324715,0,2648558,363574,0,6208,509548,1030783,25527,6103,4008,719489,0,0,0,0,15732,29918,240501,21645,353701,654053,290345,0,25488,13774,393364,23451,1100598,4924,933,152164,1480608,0,116349,0,677896,5408,339229,1129
144,692,0,27404,425077,421376,245,3652367,338391,0,6775,363667,1921077,20942,9772,0,783533,0,0,0,0,73926,9453,156816,6078,214453,462155,70148,0,6108,16674,271991,20635,1055835,5488,1125,172589,2167082,0,266466,0,388309,701,235056,845
145,1,390,14075,466642,257512,476,2230701,362203,0,0,654667,2433034,8348,12498,11889,294396,0,0,0,0,96,47593,144662,5040,2905,105019,16203,299,41699,5658,240910,6875,206990,274,0,55637,477251,0,28797,0,47291,0,0,355
146,3126,593,43695,514191,254433,538,2200351,361491,0,0,357194,2899173,5119,21521,1761,189331,0,0,0,0,1077,24367,129612,6586,276,49272,21333,2866,11948,1706,217290,6390,75147,2236,189,4453,186709,0,11696,0,18061,1664,88919,0
147,0,743,37653,438599,334953,319,2963823,174240,0,40376,229309,1392564,5430,7938,5690,317090,0,0,0,0,3527,0,93991,4279,47046,114489,116635,28981,9053,6052,213007,12758,441280,5060,11401,61156,1636085,0,102671,0,232526,2610,37347,0
148,0,0,521,247311,350564,0,2725940,125522,0,160759,619407,1170749,20171,10746,1533,716596,0,0,0,0,64289,59794,249157,1222,180238,360998,146360,0,52063,81011,762831,15150,1020610,0,0,26421,1101799,0,197066,0,862767,0,161119,1840
149,0,864,3100,389983,477917,0,3926187,222856,0,109348,463648,1075254,10360,84698,5560,425781,0,0,0,0,931,337,285430,10304,630415,669136,331136,844,0,0,19997,22241,1657176,1625,3857,375471,2036579,0,248811,0,541722,58829,233075,93311
150,17202,15478,58959,369705,272291,2478,2397523,225419,0,0,490596,1217285,6560,7331,3513,401679,0,0,0,0,0,7910,114777,3473,43140,164761,52002,9319,5406,0,98966,6361,327998,4072,0,54671,996020,0,40341,0,97387,0,0,510
151,2895,840,24861,1463586,294771,183,2501583,257393,0,12045,713290,3360881,22024,83167,28612,997489,0,0,0,1743,4343,61661,292007,3017,24279,323896,72199,0,56467,191176,1211955,55706,1307903,0,765,43035,568005,402,384569,0,756621,20294,551233,578
152,0,3311,68168,924570,397262,161,3489115,664731,0,11460,276385,2912077,14819,60363,1684,549565,0,0,0,0,5826,0,131067,9821,4845,74618,14126,0,0,8571,85764,10947,216676,8741,0,62429,1602751,0,259057,0,218912,9779,164420,0
153,9476,3764,56368,1522203,431945,751,3571774,494628,0,6345,565908,2758907,34074,202200,4496,838869,0,0,0,0,353,30518,321502,16013,103778,236424,51199,40097,24663,102109,836937,33987,1252036,8625,0,214591,1722987,0,455516,160,686277,16039,430954,4166
154,98,613,31557,1438928,733419,12,5747369,453910,0,181701,1031224,3466168,13301,342315,2331,1269320,0,0,0,0,3936,8351,539355,33387,192385,1077983,273734,0,7209,72809,557490,56595,3932982,5012,1490,572789,1642925,1008,751396,290,1299082,53353,1022378,2459
155,6062,8111,117602,1166076,522075,843,4441743,724967,0,162814,849528,2717770,37709,69476,5539,569344,0,0,0,0,0,32950,340469,58637,65096,483862,105698,0,10503,21679,548196,73051,1159138,2478,0,282314,2185339,2160,315322,1867,1065676,59979,674501,305
156,0,4572,7568,519721,357674,0,1748747,45761,0,138712,195908,1118281,8267,21844,27,137217,0,0,0,0,0,0,96047,10139,32445,75471,31184,0,0,0,0,18313,174569,0,0,92075,1007438,0,14639,0,149697,14533,184364,25506
157,0,1134,5896,861288,867244,0,4916709,113915,0,109649,544413,2619482,8208,6998,7580,549683,0,0,0,0,208,0,182630,49065,306831,529727,242092,0,0,0,0,16838,919835,9688,3634,424275,3004104,1728,320541,952,565980,32561,399271,596
158,0,1967,1653,882406,788438,0,4274349,231304,0,320733,773766,2301988,5892,156082,15452,367801,0,0,0,0,8119,11864,556551,68300,930092,1238121,1232234,0,0,0,0,40380,3329528,4528,0,400735,2065101,0,650281,6294,1692563,22146,944733,297
159,17981,613,24763,1303810,281575,3048,2404696,240487,0,1383756,1296396,1993758,18609,8898,19754,375284,0,0,0,0,1227,9174,88201,42405,30635,253184,27366,0,6444,28166,102776,34544,618076,8891,15382,289543,1631517,0,35047,1030,314583,7544,37281,1203
160,2727,0,29091,772360,654857,387,4572106,388946,0,61633,529723,1764898,11407,134600,15426,700156,0,0,0,0,2703,3991,452541,9586,294213,623773,227932,0,0,0,0,33534,1824686,8144,0,289744,2059447,2030,274191,0,1297376,9157,623299,1631
161,99,1083,22961,639038,549268,0,4362303,296310,0,14864,631516,1673528,19544,77258,125307,532896,0,0,0,0,60174,0,227479,9162,125440,357903,250040,35228,0,4508,25012,20748,1114539,2834,566,162680,2370238,716,413335,1390,763897,95646,376379,204
162,0,0,3523,537591,486248,0,3062732,193442,0,0,204043,1209595,55,2539,1336,115556,0,0,0,0,0,0,40537,15435,42317,57025,20614,0,0,0,0,4335,103161,6888,215,221118,1787839,0,26294,359,267265,1521,122896,206
163,4554,10125,84337,1122245,325638,4,2562438,306639,0,0,353599,3204030,4782,8702,3824,360670,0,0,0,0,0,0,151878,60459,32417,117284,34422,0,0,0,0,7084,503933,6744,2048,119810,1716158,0,52033,0,268784,4666,455874,0
164,10070,10722,193924,1000219,342362,704,2986353,780244,0,0,389021,3812188,5212,3303,539,375785,0,0,0,0,0,5489,299672,123318,2988,295317,46259,52057,0,0,0,131001,572874,32388,3775,206716,2635647,1491,135716,0,219677,155523,366311,709
165,63571,13914,204102,1470064,515867,8782,3971733,634399,0,11494,306200,8291949,28547,218692,92664,1212872,0,0,0,0,11381,0,385310,81805,91630,322428,209048,5373,0,0,0,21890,1173972,5182,1177,486351,3038331,0,74843,0,478980,3616,465817,172
166,5682,10014,120996,2153883,677216,850,5354209,596733,0,114961,660243,7611338,23860,183429,6807,994665,0,0,0,0,3205,4503,356988,143717,72678,539174,98589,32171,0,0,0,128161,1414495,25184,7412,748986,4087535,0,100056,4651,617204,98363,598777,938
167,740,28091,134903,1138539,396105,522,3022750,537862,0,162503,473628,2503302,11736,64469,6801,495421,0,0,0,0,136,0,252771,60109,90607,68178,111985,7478,9592,22025,286121,28232,1216892,7378,0,344960,2194498,699,179493,4560,350612,2634,367471,0
168,5434,21525,73414,1902326,366348,948,3171017,438491,0,0,730074,4176965,39549,49388,5244,719157,0,0,0,0,31173,19992,124173,145873,206581,216315,100858,13112,17158,21431,111421,71045,894073,8199,21512,137028,2490926,8054,125316,1439,602501,207615,420708,3230
169,12979,4638,76747,2720618,693439,71,5946919,370696,0,76743,1041295,7105426,35186,148870,3072,976918,0,0,0,0,1030,33100,205754,97582,33959,459560,94909,9434,113758,284316,660506,77797,938786,23619,1660,655516,4223000,0,247696,1206,1030131,7145,538331,652
170,8339,29470,155977,1701215,354398,3309,2995845,997777,0,0,390885,4053070,23514,39930,6269,389259,0,0,0,140,29245,79308,144375,8340,75866,198959,90807,0,30980,38149,250143,23452,813378,10455,0,112781,1515041,0,136828,406,250884,7097,447977,286
171,373,159400,274634,1343737,424544,273,3652950,344986,0,0,371018,3909684,2008,29504,13755,122604,0,0,0,110038,748,0,183220,149,20008,25077,0,0,0,0,0,5860,576094,16520,5343,292788,2450388,0,118859,0,437670,0,51278,0
172,16067,10584,365910,3366831,680254,281,5926920,891260,0,0,864854,7139514,15993,59306,23535,470746,0,0,0,0,0,2988,135828,143328,2273,135748,0,0,0,0,0,59978,895498,12949,856,165920,4000370,0,60877,0,696425,55294,727081,327
173,1772,6254,69398,5200289,2304807,390,14755146,1230208,0,315354,1453779,10702950,19574,719490,12233,1889122,0,0,0,0,8753,9744,1201985,158995,527261,1009626,830258,0,13801,31336,728742,105391,10303567,12020,5133,1179642,6814394,316,2411989,3044,2526395,96016,2484149,196
174,9382,51057,302861,1778610,524928,1034,4527352,758122,0,0,624129,6566931,3959,22432,45959,777903,0,0,0,0,234,0,285638,2447,2724,58868,30104,0,0,0,0,15794,862728,1078,0,180187,2713665,407,170084,1192,529548,13220,308628,70
175,36564,18315,503148,2971760,897588,2321,6862031,732514,0,519212,697548,11677368,24641,270156,2832,2592704,0,0,0,0,14691,12874,506668,3310,70772,146896,235198,4721,26383,73054,1128117,64500,3362865,10563,3216,826869,3083902,0,890808,796,936697,70349,394720,0
176,3252,1621,135375,1574236,647416,5298,5126092,1169798,0,431904,1216299,3917237,7081,113132,22047,856787,0,0,0,0,936,473,302681,91312,32780,205786,91336,5613,0,0,0,59742,899058,30857,264,131748,3005472,0,67900,567,448785,89983,588279,2508
177,25512,15207,246280,2192724,648711,3803,5733114,1073265,0,0,1630981,5032916,9430,18977,10382,557955,0,0,0,0,0,6610,272909,82566,10515,249166,30785,19691,0,0,0,58915,454663,12753,17367,225232,3547888,0,22289,3089,843712,51235,540946,315
178,67253,65899,884207,2247561,709049,7425,6301499,2154348,2843,0,1026279,5245969,17038,53976,11099,316359,0,0,0,0,8219,3902,192986,76692,19725,198000,5627,3031,0,0,0,51851,719760,31961,27377,315028,3945061,1578,120057,613,506724,14890,546365,4696
179,0,93,220,429506,247890,0,1846345,186131,0,652970,217235,702288,15013,111262,11481,679659,0,0,0,0,50308,14284,216768,66843,120740,264545,70848,0,0,0,0,18601,1239582,1632,0,48043,617731,0,188214,0,668131,46503,944661,0
180,91228,29422,557995,2097630,680778,5872,5991138,1479570,0,0,1586124,5351483,23935,53040,7996,441497,0,0,0,273776,8818,21101,281821,87715,17080,527881,78529,11726,0,0,0,87758,841214,33096,3005,292664,4175715,680,126524,3747,558054,78978,428424,4234
181,581,28605,107406,2583898,1332313,0,9682376,1178954,0,122736,811301,4947010,25092,738596,39905,1268931,0,0,0,0,64126,10528,935763,37014,227966,1263492,355261,0,2666,1696,105968,34017,8088947,8043,1618,557469,1777780,0,1353471,0,3888983,4780,1478352,1476
182,981,1552,88539,2553100,595596,999,5034258,684080,0,13906,1004456,4960868,9960,178544,56456,328151,0,0,0,0,8154,34900,487193,113544,16093,134574,32779,0,2395,53281,129895,51705,1729423,23589,13228,187050,3160530,2573,364674,1038,876399,117115,396421,2736
183,1558,23924,198086,2689026,629110,493,5519122,1272932,0,0,933193,6911135,15935,187251,27519,388009,0,0,0,0,21574,0,338775,88636,23355,122371,8005,12581,0,0,0,50328,886996,13285,2688,435702,4231909,0,113298,3181,593623,139625,396224,425
184,5041,0,159299,638124,528365,3602,4255844,2167520,0,21132,792699,2356104,44143,264563,17545,395129,0,0,0,0,21394,17098,408444,67390,62504,1169592,230062,968,0,0,0,66167,2990050,17422,1991,387959,2791685,946,184076,812,601088,14689,492737,6408
185,128398,4108,562676,2977542,806297,18338,6718111,5054154,2456,0,1493691,8911995,42471,28654,27088,914510,0,0,0,0,43711,78745,342447,90164,37181,401503,30977,29120,104101,78818,175335,80630,1132782,25284,9210,353332,5304340,0,228684,0,395263,23845,463281,6909
186,5880,2029,23893,1568850,920376,2559,7220918,597327,0,363641,3056858,4491416,8537,207977,27722,664153,0,0,0,0,14755,49266,458132,100024,150415,845264,407244,5238,47063,59415,656523,56596,2399691,630,12348,179968,3681082,0,324371,9024,364681,6033,258733,415
187,164,0,7454,2685464,957073,1806,7616333,2032873,0,23939,1861176,6570186,26101,84206,33042,1249061,0,0,0,0,148354,48552,561866,159316,160930,1375426,208863,0,56637,183321,1493058,94635,3916743,10471,2243,645613,4507508,1258,908108,4461,1300967,14145,680754,1659
188,17910,12725,203446,1845320,596657,620,5208988,1581328,783,39596,914605,5121082,23678,35953,33467,448759,0,0,0,0,12611,0,247281,76570,3513,105613,26119,5034,0,0,0,66932,948215,7468,4331,222382,4114888,147,226955,344,481771,94029,355351,1129
189,2261,13135,28045,406210,441212,351,3829808,668753,0,0,469348,1882168,6841,10517,59071,141212,0,0,0,0,712,11,107171,19676,7720,274800,43575,1888,0,0,1668,9489,674357,15809,298,251979,2817880,1576,83751,390,624089,0,94539,150
190,12060,15209,137350,535260,563428,1392,4956503,567076,0,0,458082,3085682,2280,5233,1026,144867,0,0,0,0,2206,0,145954,24798,5273,127598,5754,507,0,0,0,34719,308424,10828,1865,161620,2609038,0,51940,0,373205,41116,169095,245
191,6801,8494,83163,1194472,529737,1803,4630916,485521,0,0,604570,3634311,9520,64721,9410,281743,0,0,0,0,0,1581,266033,70752,32183,60413,13510,0,0,0,0,18093,194206,13606,1936,81555,2034271,521,117057,3255,206218,26463,279037,917
192,5698,85303,246057,2482284,716385,2357,6009652,640503,0,194320,1316931,4567958,8315,64689,28440,374107,0,0,0,0,176,6030,331963,140035,73743,263316,78118,0,0,8252,209282,47108,1139065,15665,3341,236474,3304087,821,496570,0,443097,57242,375330,1513
193,23207,581,130016,2262959,621266,4219,5400771,1166119,0,245850,1079035,3947781,17569,118906,9437,1150789,0,0,0,0,4206,1606,344358,172868,28852,197063,39444,12983,1867,4993,685,91998,1165362,9108,3901,315599,2917111,0,292814,2274,1318976,232355,1353444,1828
194,21160,5200,233448,1166564,391458,2845,3482907,1439478,0,316042,701145,3421560,16007,28224,0,219548,0,0,0,0,0,3155,168711,15171,12234,62025,9596,0,9282,14503,78396,35041,363863,5850,0,156496,2791959,0,58724,322,250385,16307,120281,2306
195,5657,3269,75167,726325,569844,1477,4919783,382332,0,12294,430729,3432373,3850,9954,468,419562,0,0,0,0,0,0,108303,12803,1001,41364,2579,0,0,0,0,6913,144015,658,0,275559,1615048,0,58150,0,346323,7994,104827,441
196,7259,11484,37538,2340767,476941,87,3627651,242532,0,24583,769878,7169249,43109,30111,8314,963008,0,0,0,0,21373,7203,196588,61423,48757,298608,22009,0,5905,8838,42476,98220,948994,2334,19557,425800,2484629,0,271369,1489,625855,191346,742481,12216
197,1364,22062,108565,1417840,679978,569,5590357,931184,0,117236,730908,4594794,54183,25877,14248,810683,0,0,0,0,63081,80297,267574,104358,65369,317666,101052,0,57635,47188,135823,30361,1400542,12364,26686,681820,3875486,0,187000,1027,733599,0,83506,10888
198,902,3,23526,666598,378361,597,3344652,245873,0,0,658782,1780509,3654,4066,6107,212193,0,0,0,0,0,0,197664,30094,77707,202855,335404,39369,0,0,23716,7728,264770,208,5684,256687,1458268,0,148953,2351,487090,0,85059,742
199,0,616,8309,1653497,709096,275,5361091,312415,0,106025,897884,2988232,17740,162928,13055,997049,0,0,0,0,0,34179,393231,18069,423180,761153,410064,1324,28419,95054,980382,69589,3483158,10234,10922,497217,2419049,1720,214686,634,1129718,67681,652058,6176
200,54637,1119,194708,1114984,371420,3549,3276999,800649,0,0,608262,2321825,33632,27695,2758,449481,0,0,0,0,2319,1304,87367,19138,18184,164460,8826,6194,0,9194,0,29792,296707,13189,8531,170377,1974694,1213,53296,1979,377403,3915,76405,1154
201,9701,528,143128,1433636,314103,560,2776546,390845,0,0,397395,3081854,4781,5746,0,341097,0,0,0,0,0,5296,55610,48686,19762,32762,1964,0,15754,74336,226186,17111,335332,2720,3816,149329,1622783,0,28934,0,130778,546,3595,254
202,10584,1769,118895,501303,533221,1721,4672081,600740,0,178878,887853,2131150,35735,16781,9812,608420,0,0,0,0,0,3562,194689,49276,95412,686064,174173,1475,16130,27767,499095,45353,1233503,10504,10251,476112,2319555,719,336858,2839,519648,22769,112785,438
203,0,2819,15994,805847,604473,721,5227685,329054,0,0,741826,2489402,15346,4347,0,554032,0,0,0,0,0,20241,168526,41077,88968,422761,138872,47636,21499,71271,264788,32520,777076,5317,2686,380811,2767684,0,373389,2531,487606,8857,41393,796
204,14367,21257,151417,3527299,801791,3349,6936939,992304,0,0,1834559,5365401,31164,77280,45278,789047,0,0,0,0,25246,16384,554726,744311,186857,626001,118229,0,9208,16006,122925,163107,1978219,840,634,217717,4477821,1386,136617,23372,1704277,62817,704030,3633
205,6660,14893,207644,961752,737496,283,5235659,1004858,588,0,467276,2955069,12075,41509,2715,402955,0,0,0,0,23580,0,119808,34863,66206,174197,40807,2525,0,0,0,24809,601221,13942,0,142901,3505880,307,130062,1948,252691,67400,208688,1432
206,18324,27393,133450,1623965,505756,2566,4311188,643635,512,0,855168,3939140,14672,11952,1040,296014,0,0,0,0,649,10915,110097,33604,8908,112969,17113,0,9002,40434,154845,15483,543573,1405,5500,269710,2197911,5524,59337,937,98188,7464,74583,2670
207,28160,12054,157622,1369385,458785,5897,4080532,900732,479,1264,1622440,4646417,5798,37173,3796,496894,0,0,0,0,7411,6352,214152,39435,9490,262100,9365,3433,3389,8485,41908,49517,579572,484,12173,219075,2611811,0,20217,4827,352025,16419,45767,680
208,0,18873,61440,878671,760480,0,5226194,291198,0,93931,1226177,2246091,3525,207017,4615,276532,0,0,0,0,15363,1329,300349,22097,115250,972727,770916,1437,0,0,0,20132,1634826,10079,6463,743191,2257489,0,625136,0,914444,0,0,41
209,5669,32162,161965,4832530,2128110,1426,16529820,2004961,0,106128,1783119,14117783,82608,1928756,315740,1396221,0,0,0,17989,14326,11666,1366881,237299,663664,1604447,1038285,25565,31641,55830,954451,125598,5572507,23967,8211,1062382,9124200,2453,2050202,300,4717739,97307,2163479,6461
210,2474,10083,140354,3713845,1757979,735,14552609,1559696,0,193168,1987020,9211608,89720,205634,19940,3278829,0,0,0,0,54175,14100,746908,118859,283027,2992973,621896,1219,22777,127602,874272,159914,6021006,26115,1535,852567,7299303,0,788417,1220,3168212,8791,1686934,11475
211,12897,10799,289698,4312430,1414963,1305,11458056,1292968,0,74495,3040985,10618543,117736,273884,58039,2519768,0,0,0,0,15380,70489,624961,136970,276104,2593755,886372,0,92179,153476,963726,150476,4136996,2930,1539,548018,6256567,0,860616,980,4433739,86816,2183658,6400
212,15046,23207,95915,3593977,2266233,2072,16142410,1355999,1867,842655,1359024,9646199,61815,834717,206313,2768327,0,0,0,0,4919,90769,1579889,44199,362161,1253903,561132,4957,0,26210,83744,139712,16311171,27509,2286,927680,3739951,0,2592173,254,2466516,16977,2488313,4642
213,0,12114,39519,5358034,4880216,3196,21298192,1345805,0,1731605,2815173,13845647,188416,982148,148712,3066681,0,0,0,0,49518,272951,2373756,113605,742640,846347,741901,5536,0,0,0,135102,15676178,13650,3004,809389,7163180,0,1848831,1604,1802469,227636,3477279,19857
214,0,0,0,22483,3771,0,24530,1771,0,29013,3197,81608,0,0,0,0,0,0,0,0,0,0,37080,0,0,136889,47649,0,0,0,0,326,74258,49046,0,42142,24822,0,0,0,13647,0,0,0
215,554,9896,88770,4272063,2548404,1676,17944983,2300249,4255,1849634,2042569,8681563,74555,542889,64937,4160499,0,0,0,0,67997,35268,2127459,185437,905212,2136979,3251490,46559,21723,43664,1159370,146045,10354812,14016,7265,1225887,6279133,1448,1203589,1073,6152546,138087,2196950,3124
216,4929,974,151930,1508857,544369,5929,4607271,996831,0,105738,598765,4198282,54904,95603,2248,1060024,0,0,0,0,28207,0,374129,145394,271266,812463,297491,913,0,0,21580,106807,2663747,7912,0,373376,2685938,0,241197,0,1371980,108482,1047147,973
217,93,2160,61798,2147300,979060,0,8397644,1011504,0,378208,1007520,6770289,19770,172168,50170,1417967,0,0,0,0,30749,5692,724801,103294,369111,1170415,513323,0,18020,36880,388385,70159,3164764,8326,483,485771,4193774,0,539730,975,2432563,53258,1072765,4661
218,3418,39949,84206,2927806,1673132,781,13578255,1527200,0,242772,1765548,10792731,75238,1437839,114048,3181263,0,0,0,0,7082,36481,2076083,328304,676161,1334374,1870119,51963,0,0,0,167638,9722800,16294,29705,1293097,5931657,4753,3342369,0,7927979,218360,3752021,5148
219,1890,1498,72642,1485368,827623,0,6542565,485167,0,287233,1184286,3779353,19726,503103,44734,1213521,0,0,0,0,4037,16057,469584,39684,367323,1413937,638528,1245,0,0,6971,59409,2676826,5439,1481,304667,2318452,0,427186,2118,2994826,26910,1283254,992
220,0,675,1754,223882,392508,0,3430214,193345,0,6904,233061,938256,8000,2146,1200,344456,1515,54835,0,0,0,0,253855,15211,137736,738830,117086,0,0,0,58382,7050,1217811,3667,0,149758,1473765,598,127861,4485,614733,0,109178,426
221,0,0,9487,415741,292430,0,2532281,254285,0,105231,358870,1595707,14715,7400,1600,344498,0,0,0,0,5249,60042,124656,15895,110885,429005,67499,0,59719,115619,521007,31211,1150557,0,1324,276077,1405620,0,166478,0,348544,11557,168059,785
222,367,2240,99982,865417,585454,362,4990023,499514,0,98997,555292,2539545,16724,50677,39636,574841,0,0,0,0,5807,0,354694,2356,375664,906949,105158,0,0,42586,0,28231,1745400,5124,5473,363473,2714208,0,109894,0,1068023,16813,301942,4293
223,21497,426,131621,823836,310933,5811,2675958,993939,0,107803,734877,1887452,2146,14826,2666,230794,0,0,0,0,0,3537,142104,150518,8093,226690,18763,4953,0,11000,47968,26643,418944,9649,2583,328225,1684190,0,26038,0,224499,2044,36366,584
224,0,748,6339,877682,494086,0,3527712,139975,0,92303,296363,1592346,20773,99135,0,1200582,0,0,0,0,5254,48834,458521,82602,119500,508889,750318,0,0,0,0,57586,1981111,2967,0,397207,1810539,573,740000,0,1430566,30609,1472153,0
225,0,6207,14318,1382050,529117,69,4259676,306037,0,45581,342264,2016848,5765,207586,47086,642374,0,0,0,0,0,8202,336430,43814,60901,132071,173262,1053,0,0,0,23578,1974723,7017,0,114407,1795843,0,1154384,0,963151,1967,635210,0
226,964,6440,48624,1677856,782066,0,6462573,684915,0,254413,1127221,3681306,23780,268090,12501,853066,0,0,0,0,6931,16239,612234,135442,216384,980124,429854,661,7311,68752,433970,95905,2535750,5397,39410,220750,3733978,0,1771986,0,2001554,133575,686537,232
227,724,453,9075,1529131,837809,767,6060687,322288,0,607321,1399766,2696540,5443,279323,23364,857910,0,0,0,0,0,37660,533755,251195,407809,1641515,840299,0,32016,62124,757348,102492,2175894,0,7113,753177,3212574,1162,739189,1893,4143840,211903,1739063,961
228,12739,15913,67917,1494450,599418,795,4461109,960073,0,157478,581070,3823429,11331,583900,6561,806114,0,0,0,0,2163,0,758633,35353,261575,625399,168657,0,0,0,0,53287,4699165,9706,0,180896,815018,546,818669,0,839660,14214,1009293,40
229,2536,143323,61451,734102,274665,0,1921906,152377,0,147594,348175,2762318,3802,144121,8387,421213,0,0,0,0,11104,825,131512,0,8263,2083,10132,0,0,0,0,7137,235528,1267,0,71942,1082429,0,0,0,392979,0,14856,103
230,264,4553,179584,1587586,546549,751,4318479,1023955,0,237287,635276,3542904,47465,306511,4613,1882110,0,0,0,0,3835,29075,540227,25803,16562,142740,35494,0,35237,37224,577997,51681,2690173,8319,0,330819,1059391,0,463014,1304,1065795,381,447112,58
231,33047,4366,40278,935533,368437,2788,2623109,333848,0,54672,499096,3021782,11464,327656,82326,924074,0,0,0,0,14197,0,456869,48716,270276,549166,194718,0,0,0,0,22517,1683082,5387,0,180731,765997,0,154132,0,504444,0,399631,411
232,0,5755,33319,1108960,553774,0,3642001,635670,0,83126,536628,2324915,97753,367820,86161,2001795,0,0,0,0,45213,4954,757986,4439,458578,562091,359770,0,54872,90988,1650523,86053,5547155,2668,0,735937,390640,672,881546,0,1526551,36329,897501,126
233,1310,13091,74364,739179,681808,87,5068692,858882,0,20021,815058,3353277,43374,231450,44664,1412262,0,0,0,0,37520,4470,1052976,23518,681245,1499323,633495,0,15558,47701,892157,121772,6775338,5953,2802,621179,1801850,859,478630,0,1246131,39721,1353063,191
234,0,5536,13320,1354417,515655,0,4262307,510031,0,16546,482389,3423494,32698,106908,157471,626540,0,0,0,18704,31594,32908,317690,5465,37595,642859,187239,0,0,0,0,44907,1126728,4212,1092,210718,1506476,0,275704,0,602435,36620,702924,1194
235,0,562,20578,943001,315589,0,2599515,187694,0,0,257500,2340347,9471,229657,2314,367760,0,0,0,0,20638,15429,146091,20143,60045,410123,206837,0,12726,61914,494617,17050,600120,3249,0,204697,1405498,0,286135,0,306279,15547,233642,97
236,0,2519,56383,915156,357490,1117,3127717,451128,0,0,448509,2685646,20515,108036,14127,355369,0,0,0,0,3196,3374,139761,88160,26072,198895,37244,0,1173,16849,8026,20352,312523,15031,0,48117,1926476,0,204716,0,235160,25487,315304,104
237,86,9127,31834,723124,530202,0,3833705,357083,0,54746,526579,1781184,14629,266153,44256,312463,0,0,0,791,56277,3170,629420,122760,191795,1587671,727898,0,0,0,0,35329,3813631,4381,0,278677,779763,0,663831,0,1267987,29178,1012782,4067
238,3022,11323,71685,843705,423218,0,3645329,404467,0,0,511512,2814911,23241,77790,16025,596075,0,0,0,0,1179,13781,190120,35265,19946,427703,111809,457,15803,0,114707,37395,497714,4657,0,233674,1569103,0,72150,626,496210,2994,152846,23
239,0,1809,25658,695515,342963,0,2758233,574101,0,0,309226,2262583,60500,196088,42976,1429006,0,0,0,0,142536,1771,304758,11895,238055,1213404,392512,0,0,0,4007,55606,1736414,3516,0,589322,1651101,0,142379,0,610828,17925,621169,61
240,0,89,4390,710436,464130,0,3804373,189993,0,13521,285526,2120275,13103,140929,935,519659,0,0,0,376,81482,17544,340430,19226,105764,965157,415265,0,0,1991,199268,34523,1037563,870,0,187339,1671591,874,507005,293,523909,0,409528,558
241,4151,280,23825,1146766,426728,1884,3485801,340421,0,47435,737759,3433210,11806,153952,6364,636400,0,0,0,0,9859,7847,376796,41977,37521,369585,196019,3628,0,0,0,56893,1230136,433,0,204136,1204796,0,221815,1503,1035927,166562,708115,842
242,0,21239,41008,1145688,892366,0,6048207,323284,0,611669,818072,2938959,20291,182332,15685,730204,0,0,0,34643,15781,14752,470847,32280,136690,700925,511204,790,10915,18909,195417,55386,6666806,8712,0,411665,2341793,1009,630321,1458,738904,87532,690305,232
243,3501,5995,126557,1064543,316173,249,2731805,682132,0,0,807438,2485756,21691,18040,3402,427475,0,0,0,0,6963,31053,142773,89633,41289,236003,21740,2011,22184,40612,113749,25152,676791,94297,24652,112877,1934894,818,127536,1500,197506,20213,107687,572
244,519,601,8775,932642,606133,89,4277861,348366,0,49684,292788,1706985,14444,176215,4171,912743,0,0,0,0,14011,13467,417323,32622,45520,329007,200104,3431,5584,25914,661524,59407,5285416,4627,0,324896,915823,0,260327,0,305370,14324,519833,174
245,0,1966,9000,1263551,770366,132,4528560,344567,0,152698,466426,2032274,7700,294606,14207,285680,0,0,0,0,1558,0,546327,83231,55715,201025,198825,0,0,0,0,27192,2966330,7195,872,550671,1578264,1284,369292,0,553652,1521,391154,1445
246,397,2506,2286,881583,661861,0,4117921,357921,0,22497,622058,2272297,38926,177014,112892,525584,0,0,0,0,18691,9953,580607,34505,33228,416549,426422,0,0,0,0,47274,7830222,10118,0,339481,1699057,0,312863,0,643035,85754,757916,117
247,0,2746,66495,756795,587712,0,4624280,494291,0,0,546700,2796734,15881,156090,45808,624264,0,0,0,0,22577,56867,514655,49159,92611,379993,461725,321,31062,1981,59038,92226,5269150,14185,464,370580,1940138,0,273810,720,435724,176594,1093817,455
248,0,125,1371,1020346,703151,0,3572054,417456,0,37816,185290,1518062,6199,280879,4517,22658,0,0,0,0,1213,0,480564,24512,17386,233887,151337,0,0,0,0,7762,3678646,10069,0,314574,617001,0,173828,27174,348569,1740,189933,763
249,0,833,11376,637422,443343,0,3704888,344751,0,7535,339802,2063945,9379,24353,10205,388616,0,0,0,210,0,39832,161834,5973,56791,416145,31691,0,21517,118762,679464,36068,1815409,4241,0,4061,1645957,575,396794,946,810665,29853,876967,647
250,0,497,943,420935,475225,0,3547690,309800,0,38495,365701,1526993,5660,128737,0,200079,0,0,0,0,8326,6650,416657,22863,246138,1623838,285214,0,26952,2700,382879,38285,3143437,10953,556,414448,906150,0,486008,0,723178,943,248190,265
251,2004,4076,52266,779121,274726,454,2399387,340212,0,0,303677,1270849,869,3306,0,22851,0,0,0,0,266,6572,128623,24388,7107,187648,0,0,0,0,0,29801,433318,0,44495,109075,1554270,2570,135390,0,343660,88315,258132,623
252,2185,4657,121752,728868,291651,3505,2571759,564888,0,0,413348,1792908,17306,1247,1859,209742,0,0,0,0,3073,27007,123039,68411,23371,151716,17575,0,0,0,0,15457,379570,1551,0,222214,1601319,0,160642,0,163630,4843,79423,0
253,87,1833,19750,1392666,719200,0,5445552,368923,0,122091,686055,3683349,24761,92506,32315,1377323,0,0,0,0,169,37546,740947,22385,132601,847903,300135,0,35411,91036,598478,66156,3690789,4540,13579,403992,1674765,1758,477601,0,1036949,12499,1032823,976
254,571,1614,69403,751033,393163,289,3334693,527336,0,17539,439484,2279493,14959,51064,122857,156465,0,0,0,0,3520,194,204728,18449,39465,222124,50404,0,0,0,0,16669,1272688,2068,0,207753,1381421,0,185926,0,263338,5630,498268,99
255,99,50,18228,596660,430690,1092,3710442,638041,0,20518,467992,2154187,14103,99542,1219,487573,0,0,0,0,1759,35142,138092,62366,145839,589766,113267,3581,31530,150911,404922,43289,1104450,2434,0,193385,2610062,691,218914,346,635303,2925,479732,894
256,618,15828,7552,963471,330348,1176,2840343,292963,0,24843,847500,1755125,21171,37638,7062,510907,0,0,0,0,46351,27113,127405,63408,127968,381868,119884,0,22813,18342,221260,31946,801960,7216,484,180805,1728381,0,301409,497,527490,2271,70076,1975
257,98,499,25821,581950,577095,99,4773432,319116,0,64752,506979,1749577,18773,132123,0,565896,0,0,0,0,19759,0,408855,24555,464457,1241833,789113,4401,0,0,7638,137039,2865994,6543,0,234745,2308728,1362,589578,0,904411,76128,1039478,993
258,3887,51109,14202,643910,238115,117,2079597,139317,0,0,430434,991412,4200,0,0,174164,0,0,0,0,0,10377,94850,162365,39452,271383,5148,0,8073,7754,136891,22899,266358,12170,2122,298798,1396344,513,52209,0,293461,0,104864,9941
259,321,85001,180163,2210910,838232,98,7313837,1036915,0,0,961755,8265122,19154,127669,8029,579592,0,0,0,0,8336,15726,320927,15410,33031,172356,79834,3009,15400,42908,274359,37448,937743,8382,6067,153621,4257666,3903,215482,324,425895,38390,432629,151
260,4365,18007,80449,1245261,558174,2,4875479,732077,0,0,465353,5390448,14609,86571,101257,104769,0,0,0,1316,8813,17789,182977,26836,15854,44161,51596,0,16515,36605,346336,27560,683727,1947,2645,180157,3315415,0,104277,0,237635,1022,123868,407
261,429388,54327,809784,4010748,1068328,11421,9461038,1327082,24639,1385845,2728740,13381257,261345,81949,4413,1355065,0,0,0,125783,35831,76538,333086,105767,68435,209932,7995,6182,65082,127891,539689,53261,866217,33386,6426,241112,6295423,388,138782,1663,617000,42364,579794,18546
262,1357,17988,97718,1830855,565906,599,4939947,1107930,0,0,419750,7184050,15989,91702,576,293795,0,0,0,14920,60717,0,339592,5160,19214,122544,12171,0,3837,50391,185277,14477,1301149,5865,614,476455,2889422,0,101230,0,105032,1985,206649,42
263,147,8058,70907,2328676,570447,255,4962184,915632,0,0,536653,6614019,21623,39215,38343,393286,0,0,0,12538,20180,17418,289738,33924,50777,56661,64905,0,25464,110350,504581,19173,797159,2777,2186,255208,3228037,3316,126775,0,139867,0,233432,0
264,47915,6648,92608,2414017,619931,5310,5417256,465116,3232,94202,993828,8977311,67007,193780,23175,718541,0,0,0,63459,20363,42075,226579,30974,11044,79208,14787,0,56932,105317,487320,14755,473345,6681,11812,174663,3528605,0,67584,1231,122750,22036,196573,729
265,1953,9853,145308,1759224,923971,776,8090979,753469,0,0,1006691,7057367,59610,90343,464,1083582,0,0,0,0,48830,37344,213864,45463,91738,383335,81276,5116,36245,121183,313450,44383,762744,12071,367,336165,5011163,0,228181,0,259906,1397,172281,1955
266,98,18843,97660,1682634,564154,777,4900621,1193773,0,0,635507,6150553,38723,50279,2706,685192,0,0,0,40796,22639,9839,231953,14810,32773,236342,79664,0,8887,82681,248501,33524,636218,13776,3247,244956,3501825,457,164926,0,261619,4615,220999,174
267,8521,13509,114702,3102230,691207,1462,6078955,246780,320,0,1595601,8388957,38157,104915,45467,610927,0,0,0,2120,3339,15302,230531,69747,34313,272124,37966,1603,68467,96491,376605,48406,536286,18060,520,280737,3726553,0,325730,0,699865,15577,265816,151
268,2525,12313,115798,2580914,919875,914,7962554,1149310,0,15646,685491,10023527,39608,429249,11789,1022888,0,0,0,0,4672,7437,208784,42888,42507,280359,153085,6549,6732,95444,299575,24248,567853,4035,1482,361386,5694062,417,309836,3450,379112,3097,459282,171
269,2988,29381,181348,1987643,371133,636,3216235,563700,0,0,483002,4154018,12789,15037,4782,463498,0,0,0,0,0,7143,111045,18609,4471,68017,54557,0,5757,192394,621938,37917,651569,331,816,186704,2521582,0,142262,0,249682,56720,408111,2006
270,249988,73804,750385,3757183,1057867,4794,9287632,1961911,5292,359912,1603725,11645957,48423,170596,18575,1152198,0,0,32848,0,173487,19166,220290,65850,7735,268886,12285,0,16528,0,13132,40695,1961238,46812,5332,218767,7125362,357,343983,311,796290,62401,1372807,27624
271,5618,4324,111092,1927218,509406,99,4397239,741303,0,0,413983,5556571,25294,176637,15523,523335,0,0,0,0,486,5699,138980,14097,21371,368885,221343,0,13183,48144,205151,27233,716241,1912,0,277400,3290114,0,199674,634,685234,1682,613160,240
272,6508,34504,167056,1781483,834409,593,7121099,1172635,0,192283,704403,8968483,21187,102639,31789,710976,0,0,0,0,10648,21735,168885,44985,4245,182041,47086,2302,7833,5086,238081,43161,543308,2813,0,98358,4431114,612,309342,0,915958,9456,732464,63
273,4137,22933,129923,2124413,969963,475,8238051,1091086,0,0,962687,9001482,11387,95852,26584,609687,0,0,31712,7289,14114,65771,360875,39614,32008,143789,55310,604,16701,67664,287619,25551,695765,4222,6213,395996,4604819,1131,183641,753,574358,13111,140945,15520
274,4025,1730,90092,2142702,807953,1709,6762681,715669,0,0,853969,6209140,33117,330129,26061,660268,0,0,0,0,39588,4427,347502,15418,123986,151573,145211,1852,8080,45829,294620,34352,1692533,4424,0,250460,4415943,1684,516162,685,876674,6380,1095317,3879
275,7458,14158,248078,3432118,1224493,687,10036183,690387,0,515684,1065188,9309712,64543,259958,845,2854123,0,0,0,0,7159,62381,547280,24330,47075,172105,187526,17227,72962,171673,2222501,76372,3094014,13125,2624,652226,5883349,0,385404,1250,1544744,29624,1375415,6800
276,22298,1918,123833,2860734,841427,2984,7131201,749158,0,41546,722639,8228345,35060,107620,10873,1302708,0,0,0,0,222,3342,316082,47126,73966,165719,94613,30178,10418,111508,558034,33445,1636021,11988,497,888034,5126281,0,684779,0,1060197,13201,261081,0
277,96768,25880,750548,4312249,1385325,10600,12143252,2479779,15492,0,1814945,10642841,59283,109138,54184,1120170,0,0,0,279283,68295,141998,545984,98185,247185,1488150,218704,18409,1740,27466,231140,62259,3519205,32900,4970,779036,8563099,1322,802290,748,1545887,87724,924665,1667
278,95218,87230,684267,1811558,627868,3373,5537811,1613782,365,411033,1099945,6568670,51598,117963,1518,585371,0,0,0,0,72531,42195,247428,68876,23362,221215,25408,2723,27381,25892,48947,61687,856416,56748,7096,458815,4281386,7635,310036,0,798146,282663,516438,3799
279,84,48819,114461,1569638,595678,310,5274916,589463,0,0,1127824,6688899,13679,164497,23345,438854,0,0,0,0,10724,0,217788,56373,62638,192200,15531,5102,0,0,0,39746,606460,13847,0,661568,3543571,0,243986,0,649653,127969,382156,6018
280,0,110769,122696,968772,375800,0,3267112,690776,0,0,836135,4818538,14346,40289,10343,374436,0,0,0,0,3325,0,260005,29441,8630,47919,3284,0,0,0,3375,12332,227740,3878,1974,314871,1591763,0,208122,0,354599,59162,313548,21706
281,5639,106562,258831,2786987,777482,851,6699173,1154862,0,0,1329460,8560321,8805,141245,52323,270152,0,0,0,0,26872,53845,368992,91918,49593,126003,22068,0,9299,43022,176572,77508,779341,14168,96530,602850,4195952,1787,383784,0,909369,150522,840432,8971
282,408237,32798,1466544,7655186,2302817,18880,20496632,7439497,12854,6095,2535819,18620096,103595,102715,18740,2255854,0,0,0,58789,95587,356588,449895,264102,127859,1604603,90492,5405,316932,66615,427312,138821,3241053,41581,33192,901979,13680436,20557,1119842,8415,2575984,135969,1558035,36628
283,35287,7355,273300,2744233,815228,9299,7208103,1706544,0,0,1217764,6116642,20265,37533,3622,448239,0,0,0,0,2184,8860,338419,18863,13805,234187,3529,884,0,3410,66089,65259,1254788,17662,1116,81826,3267573,5755,380170,2303,765837,111934,402878,7971
284,7827,5076,251828,2272613,864220,1256,7683653,2164904,0,0,811216,7519544,7934,128663,31621,269839,0,0,0,3372,7340,1820,299731,24290,15102,303886,12072,0,1513,19209,131706,23726,693865,5154,612,260769,4579593,1088,248764,531,739689,18623,518342,1469
285,8840,15391,312428,3910773,647862,4667,5757332,2530922,0,0,1264973,9779817,33383,63181,69163,612726,0,0,0,112972,17288,258784,317418,69279,19161,356208,7634,742,221954,36022,381834,47628,834294,7622,5731,322677,3998983,400,165496,2648,493270,23058,260263,1147
286,22553,8818,237661,1884265,731286,3047,6430497,795654,0,588327,1618782,4108430,20212,29238,6848,483248,0,0,0,6356,4674,11388,264418,37526,25465,663923,35241,706,1909,41311,349812,60062,1159682,4139,2763,75332,3512516,3293,468976,7646,1465304,110484,790727,1261
287,16218,24702,224173,2312378,714099,5428,6336482,1792192,0,0,722096,6686970,3362,117799,8129,464604,0,0,0,0,6994,16851,186704,37762,2873,487332,15158,0,88136,38785,208409,53638,1061722,14453,1467,199985,4380739,806,256359,0,503223,50574,674286,129
288,21739,7024,334468,2175462,622466,6541,5535580,1845453,369,0,927928,5436339,46097,56108,17866,464093,0,0,0,70244,4332,3617,212953,15579,9394,115782,6186,5807,0,0,0,24344,740309,19686,1262,114764,3644734,449,102958,3697,520604,20670,593279,618
289,35639,33342,367610,4276342,1364795,3473,11705912,2366149,0,15414,1139205,12015527,33442,217224,76654,805485,0,0,0,0,115381,10927,578766,44305,168828,957187,317552,0,0,26876,72844,57703,2335974,49646,43486,691579,6725965,620,367364,1089,1751075,13772,977672,1126
290,2683,10927,181149,1607897,644991,1092,5495650,1230632,0,0,487862,5508339,65523,92191,2615,788101,0,0,0,0,95430,24441,399688,31078,94598,480599,238165,1539,29315,76052,365804,69238,1889119,16532,1817,451436,2101652,235,121247,340,784546,20456,471843,5063
291,3463,21558,265706,3362873,1282377,925,10914635,1833528,0,29293,868764,11221112,76703,233657,42703,921668,0,0,0,0,146790,24007,559880,42532,142233,901737,333805,14355,17341,82664,632433,56934,2089205,18761,9705,720977,5765743,3649,381991,2721,1521936,18126,581428,7525
292,161298,101390,645364,6465221,2222234,13874,18676886,2299653,6197,291485,3341114,18803360,93199,363757,28973,1895958,0,0,0,0,139178,129072,917747,127919,228679,1314985,272095,13212,114116,238613,1561307,127797,3122556,59298,39856,905058,12025576,8418,631966,12492,2822296,76921,1746008,55820
293,8867,11041,142811,4364425,1111671,1884,9037759,735406,0,21870,1223707,12073040,90506,305591,122625,2149567,0,0,0,0,44562,92023,554139,75642,126784,692466,194719,8683,105656,178596,719789,72910,1330155,18424,5859,762940,5000512,0,605672,930,1583391,51122,940258,1234
294,5758,103873,244835,2101364,540749,641,4768487,731037,0,0,854467,5648345,47627,258750,29032,830605,0,0,0,0,23619,0,313012,52560,21073,105811,48998,7520,6506,33468,151689,130768,787001,3680,22371,331020,3241653,2141,307590,3343,1031201,155200,400515,0
295,642316,412,715375,67628,36,2287,322,26281,66618,0,10279,579779,12336,66384,12204,105253,0,4757,121563,0,108664,0,31470,1907,2059,52489,176,2748,0,0,0,8509,110310,27851,548,58237,82113,0,9049,325,51314,0,437,7180
296,7024,1235,96704,1626088,326106,510,2843559,392410,0,0,337640,4549739,14106,51043,5294,641167,3517,120231,4348,0,127811,0,88176,22754,1936,101897,5926,0,0,0,0,34946,342298,8966,3368,258811,1769055,0,9828,911,184167,35850,85970,0
297,13532,8158,134803,826416,633440,12197,5604660,3439537,535,0,971790,5278287,46943,43552,1272,622735,27850,263008,39214,0,27069,33226,221769,53059,26201,272395,6341,0,30304,60153,372827,75629,722930,191,28599,532494,4328455,3077,130199,413,508398,26727,582844,6412
298,4458,7217,88805,1321626,610120,766,5388525,759130,0,0,457202,4544393,9639,9148,0,425632,0,0,0,0,0,0,119387,19159,23424,216887,37176,0,0,0,0,47971,545133,210,9779,561359,3070529,0,68524,544,454153,59198,89402,250
299,40155,7399,169949,1671953,383678,25365,3396878,3094731,785,0,361743,5210868,36141,17947,12567,1161386,10751,453002,14973,0,27830,0,130850,28364,569,121469,11453,1345,0,0,0,32227,479951,13555,12660,283782,2354525,328,99204,6833,350601,11390,122656,380
300,387,5173,93172,706830,872231,775,7580924,846639,0,196583,450396,4357603,32798,25667,787,1057119,0,0,0,23848,51390,0,173496,33332,22570,551699,41160,0,0,0,1729,35751,858517,6588,4970,604362,5010567,0,233052,261,989527,20013,186850,1669
301,255403,26007,1179031,422667,63381,17554,564375,2814216,21460,0,149846,2542967,73634,99610,16502,830036,12661,28633,276417,0,299414,2814,70577,17395,5662,253272,14744,8045,0,0,0,15989,449972,26684,402,151764,1020166,1217,97407,193,151125,2341,94474,3197
302,52922,9006,224560,929458,703100,5608,6265681,1635250,6802,105223,524835,5224939,31209,22450,5062,928116,0,0,0,179849,26746,0,167618,23391,24721,124177,26154,1121,0,0,0,35850,360527,4410,4335,318133,4145747,401,112852,3142,466441,12070,202266,2556
303,8864,5002,112154,2228020,526665,12659,4637400,2679187,8036,0,375541,5410437,54740,15685,20774,866623,26027,372768,31873,0,19695,1684,167416,69068,2150,196891,4985,0,0,0,0,49568,608775,2494,2625,201969,3110577,863,156260,3993,335607,67681,260652,9733
304,1262,7072,144499,1623077,594094,158,5181964,1110083,34457,0,597788,5645321,24996,11471,780,501664,7600,34086,11075,0,15992,22776,187768,37318,34554,283548,14491,0,21369,21481,317187,54642,722581,2745,8305,359514,3315942,0,30250,1631,461716,22711,244430,38625
305,43315,6672,223096,1113169,398134,16392,3543561,1509172,398,0,424835,4067004,18569,104067,0,446917,0,0,10380,0,137581,3687,150601,30622,5206,203048,27718,781,0,0,0,38842,467198,6898,18843,344726,2748897,471,81732,1684,364892,30789,382096,25283
306,57606,14209,579191,313887,112622,9156,990607,2564421,3126,0,113983,2749006,97942,3191,0,354425,0,0,21967,0,143910,2853,86040,31574,9712,101086,534,768,0,0,0,25117,383576,11417,5308,94234,1120669,692,37934,827,125846,1709,94445,8052
307,77768,32088,393812,707241,90081,20098,799818,2490210,23477,0,75237,2411376,65359,13852,2002,440413,52389,136517,74992,0,7733,0,80623,10381,17096,104171,32052,0,0,0,0,42217,227416,6950,2456,166320,1231359,0,32111,0,47420,17057,90737,816
308,6685,6985,196098,738004,328747,944,2921701,2014897,0,0,174924,3161717,25102,41979,4123,636378,0,87326,157777,0,25464,0,69279,31088,7938,86984,3688,1142,0,0,0,12644,295226,4653,1669,142806,2056807,0,83516,266,169210,437,48359,627
309,3673,288,128054,350823,480285,2201,4273308,1743570,0,0,225638,3283704,17632,21517,2109,333430,9728,188579,1000,0,3348,1768,63409,14332,10372,121194,7230,2464,0,2774,22995,14692,313202,3402,692,267592,2656319,0,5988,0,358005,0,0,321
310,0,3648,8885,587185,434711,0,2933853,310891,0,70880,177743,1124501,11697,495849,25594,338332,0,0,0,0,8078,0,577078,37757,294778,214887,646205,1426,0,0,0,46027,3615898,3631,0,264352,702181,0,150474,0,465334,50489,1047311,1006
311,0,332,1536,412375,222879,384,1851077,80666,0,406037,241664,1111843,6082,27916,0,73303,0,0,0,0,0,0,46205,12539,19022,82301,7840,0,0,0,0,10968,207100,861,0,96503,1027086,0,94786,753,47880,10252,31021,13
312,0,0,1654,519140,530837,39,3915947,165691,0,15905,289679,1219447,1269,169486,7688,0,0,0,0,0,331,97779,227319,29361,137140,194813,139717,2152,0,0,0,7509,1196004,0,0,17759,1624698,1317,420047,469,400733,33279,383460,339
313,0,366,401,642846,478629,0,2915992,333658,0,34148,539390,962455,4949,159466,2835,158870,0,0,0,0,8312,1513,523065,11394,196505,444639,281398,0,0,0,0,29763,3474501,1377,0,257544,917783,0,498691,0,718388,0,421131,92
314,0,8418,15681,411856,305172,0,1879038,113880,0,0,358787,1076474,7655,59744,115569,417436,0,0,0,115,0,0,359624,720,250735,287822,235901,0,0,0,0,23090,1129548,1337,0,86802,663296,0,103884,1093,340998,18477,38807,0
315,2148,1761,14092,892538,918983,0,4510541,452561,0,29563,504908,2532429,16468,262054,542,818574,0,0,0,0,27477,0,769011,7894,883654,312649,433014,16386,0,0,0,53672,4311461,4211,852,660471,1115563,310,568418,458,1229060,4252,378359,2681
316,2109,8744,151633,1076408,643541,35,5568264,446971,0,38019,993520,5348502,16596,3695,2266,649716,753,113779,0,0,6857,8253,153535,48845,9821,126774,17331,0,12345,14190,270927,78858,446605,19398,6119,233075,3583961,0,166372,0,605373,89091,336062,4759
317,44154,3843,230701,2641915,700391,12513,6119673,1409986,0,2963707,1596350,6967929,55824,23289,58753,645961,5165,311415,131838,0,199808,7843,269893,30690,78893,177064,44562,12186,19066,70755,209013,96736,974797,1559,15993,424235,3822808,0,138119,3048,642218,44221,225429,4803
318,31423,1308,113671,1674190,469816,21759,4023561,1907684,469,0,708557,4999468,17109,23941,4868,327975,12962,98678,19972,0,3421,114138,148811,33057,9472,289757,30297,8193,101220,25970,257442,77507,509215,15013,1069,185332,2470830,503,51751,0,246478,9358,230937,1469
319,75134,6302,687775,355832,66547,12700,594407,2593057,1731,0,98976,2102521,15575,26645,16786,414278,0,12638,167702,0,198585,0,53804,15768,9036,149061,5202,2125,0,0,0,13424,418504,18814,1947,122085,1009524,752,36228,0,149706,799,68653,2952
320,76028,6021,903764,212131,21700,14983,192750,2353756,3024,0,84156,1582134,13449,928,1041,107256,12131,44689,133798,0,2903,0,86923,4626,2528,93826,2767,5390,0,0,0,54186,159907,20564,2087,127560,1011324,0,54563,0,61953,5175,98750,1089
321,10971,216,120249,478690,278956,3450,2460993,1189671,1169,9824,305152,2686699,17506,6699,1564,333630,0,0,0,0,0,4136,63360,16309,14456,81023,20083,120,0,0,0,11125,264788,6445,5577,102258,1549051,0,30073,1701,195421,20283,117044,1334
322,98894,12051,458557,461982,236094,12552,2107314,3054220,4715,0,92641,3456013,227316,73971,3309,628982,0,197,190150,0,85422,3149,38587,7352,2470,142819,615,6663,0,0,0,6194,361349,15168,1524,172027,2001097,0,66527,150,94076,0,167465,1537
323,8030,4190,190090,476684,423119,5081,3770790,1623808,1835,0,225200,3212148,103689,27836,3203,1027757,0,0,0,0,30600,0,58187,32168,1761,117075,2228,0,0,0,0,13318,281457,7060,600,130837,2553863,0,112041,0,281584,0,137694,1064
324,11634,6540,68330,854327,380834,644,3370518,1352415,0,0,309796,3228539,14501,4321,0,457355,375,71291,57911,58662,9191,0,68316,30969,21158,120569,6461,2682,0,0,0,21388,205581,2635,419,134334,2057333,0,81020,0,235790,5016,96392,17
325,78559,15019,320605,1554015,399506,19104,3506291,1539635,14794,99119,628934,5090287,115820,119082,3973,873602,2527,171042,62150,0,206940,0,217566,39255,7989,200781,3874,26893,0,0,0,128649,338926,7770,9672,225847,2276080,0,116994,5675,197242,28289,181442,988
326,9348,2693,157658,519675,610215,186,5379731,1211288,837,0,327939,4661333,7202,5248,6629,204154,5371,195481,88238,0,7952,29276,135202,27512,11172,109587,13751,0,26740,10511,113304,54780,248139,3519,13819,277815,2820551,1237,59618,613,250989,33456,330747,13317
327,7210,729,83338,393934,318017,653,2813445,1860978,0,0,360400,3148148,13512,3795,2255,462266,0,0,0,0,4056,0,171122,37929,105457,380961,81147,0,0,0,0,27920,332442,29994,67,188093,1745856,0,84197,0,154643,386,109423,1263
328,176257,18703,591105,780396,222159,13275,1977571,2468023,34785,0,239900,3352600,404416,26308,0,588490,0,6798,124269,0,40690,0,88967,43690,1325,301528,6654,571,0,0,1996,24022,541609,33284,2409,248722,1958802,2515,101962,0,231312,0,135074,10450
329,5743,708,60735,719325,433957,740,3804564,525320,0,0,458226,3033732,11294,6559,625,279386,0,0,0,25015,1375,0,64820,37591,17339,185226,35677,3544,0,0,0,19263,375967,10511,0,83665,2549746,0,159298,0,254222,373,163758,274
330,322456,7183,785891,727449,58202,27972,513554,2089487,65075,0,228021,3586642,246734,335325,9781,469649,5963,14177,144201,0,374594,0,115853,25084,2338,223596,116,15711,0,0,0,42479,541804,15615,13502,71540,1026119,0,99489,1278,125174,40544,282794,116439
331,641,13481,132754,763316,413113,125,3663587,1256770,0,0,375637,4021847,65591,7853,2986,497384,0,43183,54008,0,30292,4975,94775,19874,24333,112859,36276,919,0,0,0,24966,249590,6381,19562,178593,2127046,846,44134,2414,108625,22598,161636,19790
332,68722,15236,389541,716441,302746,10970,2690258,3219932,0,2849,213244,3580559,126306,25805,4039,831540,7489,25074,57787,0,33619,0,61209,28990,17905,184264,8003,0,0,0,0,21547,267424,14205,3536,108709,2565335,0,101500,884,175594,27795,325271,909
333,512415,30848,3485175,349897,30818,26627,264538,1937768,26299,0,185624,2997281,14036,194819,18374,257360,447,29110,470596,0,206391,0,174351,11286,16955,321952,2709,4040,0,0,0,83307,464986,59524,3828,252758,925790,152,85649,1936,136714,9827,174143,7394
334,1154,7382,52083,1473280,718646,416,5674263,868790,0,192376,350879,5403615,22156,571397,59444,795766,0,0,0,0,323,5024,514569,60726,76116,73664,254837,0,0,0,0,24789,3097409,2720,18168,1070928,2232712,0,610782,0,1928125,31280,205978,281
335,27255,27028,314048,1396157,401087,2941,3513960,659351,0,61813,483043,3323382,2202,25813,959,219449,0,0,0,0,14534,1540,83648,25035,34246,181541,12347,3332,0,0,0,11369,748725,23239,0,322819,2866092,0,107233,892,679368,28498,379669,4534
336,610,10433,49939,1036699,186748,195,1617768,247072,0,0,166249,1244506,3893,131180,0,144101,0,0,0,0,335,0,162693,24370,13512,68551,40405,0,0,0,0,11938,408542,0,0,248842,1284411,0,177017,0,26057,0,45838,56
337,45798,18499,279364,3394027,1486125,5321,12437024,2069273,0,380643,2031048,11823684,74211,1145268,167065,2158867,0,0,0,0,20033,61244,699377,141766,46367,454522,650173,2913,18259,101706,395162,51114,3366152,11965,0,1096179,7726049,19750,1675237,644,2389246,69130,937966,1956
338,13273,10279,55873,744114,421229,3347,3399671,778539,0,11882,494864,2864674,16654,204468,15991,981742,0,0,0,472,1454,2878,415346,72051,48450,202326,135233,0,0,0,5619,48669,1480559,0,0,656137,2162515,0,737995,0,1485615,159892,1094238,95
339,0,291,21073,583663,309424,506,2639570,436878,0,0,497930,2128297,10763,180682,11114,358962,0,0,0,0,4891,0,272120,33064,108243,104364,233376,0,0,0,0,34188,951481,2278,0,503542,1644877,0,489585,0,632931,64800,494419,2307
340,1929,9322,142630,1299716,781760,758,5892054,1437973,0,69327,503171,3729241,39134,998040,9934,872921,0,0,0,0,9653,29315,2175053,16785,211753,309398,1133972,0,0,0,0,89611,3109519,2837,0,1582079,2017303,0,2619698,0,4457718,2187,1311898,2570
341,186699,39820,1592761,2887268,880708,15489,7756055,4391754,0,558108,2853777,8778147,68169,210021,0,1434029,0,0,0,173620,51226,22963,520980,190184,269019,664959,187329,3808,24666,64959,231262,132965,2340739,55497,46604,797014,6912919,430,272576,5196,1375661,154844,408310,6096
342,14008,71697,168149,1620469,498559,86,4359693,777784,0,0,747411,6368487,28116,500174,86189,894705,0,0,0,0,14341,65767,352309,41046,64338,105396,79559,739,58247,142023,767292,38610,1465495,19332,5079,842834,3223560,0,583994,237,547067,19838,43017,3990
343,727,6691,174677,1476427,879160,1433,7033789,1366853,0,225738,732239,6054654,65170,627837,11179,2599581,0,0,0,0,43976,58663,1321564,97596,158332,365734,1270299,6036,72268,166424,1139570,100481,3126056,4673,2328,1627648,2285579,0,1380770,826,2119294,146299,2129555,73
344,196,6024,81193,728044,405168,190,3357968,662128,0,23347,782410,2373332,36379,635948,2053,838737,0,0,0,0,10263,4036,596369,59737,229899,168550,942367,0,17552,56736,682096,57155,1955963,12571,1023,1174160,1552627,4856,582151,0,393432,30251,1401934,116
345,4061,36504,108902,2283440,565352,700,4928942,1011533,0,8898,1224230,4548921,35328,458805,3818,1252504,0,0,0,0,8460,17801,387775,181285,38023,217438,74914,0,21998,61289,780690,58193,1441248,6876,36279,1039139,3626445,1073,492408,0,697428,0,0,2866
346,344,1811,29573,168108,104577,110,904446,187641,0,0,135032,746645,12621,553,584,720344,0,0,0,0,613,0,83493,46575,51250,11286,70189,0,0,0,0,8882,279942,390,0,181880,726570,0,80110,0,252427,0,430393,1019
347,8371,17321,87537,657600,226131,1809,1970709,530573,0,4550,391588,2147407,15269,65264,1160,398442,0,0,0,0,13921,0,179849,33433,3149,38352,8776,0,0,0,0,46547,535824,3704,13830,385811,1417126,0,30966,0,151127,42258,349245,1921
348,0,404,13348,493919,374913,0,3292020,324531,0,0,281284,1813098,7107,146400,551,321712,0,0,0,0,617,0,187724,35717,56020,99115,74964,3672,0,0,0,19412,584493,4410,2224,355768,2618326,326,195422,0,301287,0,0,260
349,1655,11463,119354,2806040,1270200,1588,8621257,1645908,0,171353,602203,7732527,83173,951412,125185,3018004,0,0,0,0,37393,29661,1860020,148215,105959,275987,2366214,0,18224,221616,1492817,109759,11512001,7232,0,2018194,2959204,3773,3799902,0,1953060,18150,1736773,715
350,37,9099,103918,870478,495748,98,4203672,953234,0,0,279194,5631082,57888,912808,13537,1376877,0,0,0,0,9375,19771,516177,21649,19153,92496,104880,0,12480,14660,236282,37285,2488515,6769,2176,515252,1709949,7139,881212,0,470581,50975,313055,0
351,24979,19419,128370,1181990,503908,1703,4120879,722804,0,0,366975,4209627,23007,389707,39848,990133,0,0,0,0,10959,0,240707,39384,10510,13233,15656,0,0,0,0,19846,1850310,8380,10096,462608,3211068,3848,857364,0,204874,73581,465674,94
352,363580,33748,1387693,4718285,912334,28734,8014841,4897796,1955,6649,1935768,11810462,122134,256192,6321,2078867,193,24777,84712,0,220165,218021,532154,180786,21076,555531,39964,36962,252529,370464,1075990,145567,2561108,82055,102681,1019868,8646216,1520,335551,5012,1258227,0,12514,35911
353,0,39,4186,252821,329091,0,2881942,319759,0,0,305507,2025576,23020,40026,1031,408461,0,0,0,0,0,8835,76492,8537,2224,55719,66905,134545,7234,0,130135,12666,564175,176,479,120582,1745178,0,194818,770,275646,0,66522,0
354,3980,14048,256469,1883721,485138,1655,4226882,955994,0,547737,933339,4959763,27266,173344,2879,742548,0,0,0,0,12598,25017,305827,63535,19416,202181,22946,2024,35701,138527,399294,47219,1735333,10914,2318,519762,2287283,0,274899,1496,561910,96141,193699,346
355,1110,6507,111908,538326,186861,604,1631951,579785,0,0,261498,1826315,18886,51139,21980,420755,0,0,0,0,49833,0,88513,7715,25740,35289,61810,0,0,0,0,4782,405631,0,0,183287,1038054,0,35457,239,77680,15279,308558,0
356,6316,33170,253065,3119074,919364,1244,8017918,1426889,0,28840,1249601,8842989,77692,831509,19073,2062697,0,0,0,3899,1746,30049,618548,82277,55643,402019,440529,1998,45210,207516,1150499,128392,2610558,8052,24719,965801,6832375,6297,875390,0,1282205,64569,204241,3850
357,5625,98979,201178,1182225,534944,810,4367269,856505,0,751321,618470,5025867,28731,170592,0,1465610,0,0,0,0,7399,0,394901,19326,39042,23291,383258,0,0,0,0,40040,2449003,6577,1030,604880,2202395,934,908959,0,668134,50512,927842,0
358,15957,9335,264379,2626728,1081121,1104,9137627,1686009,0,33970,1173404,7574909,48772,944490,21939,2054533,0,0,0,0,17272,100053,1049317,108649,80836,357130,754855,11749,110453,237704,2750655,136940,4104130,3287,16490,1343676,6650111,2453,1222699,1772,2584524,70429,753077,747
359,35761,5157,425744,2920268,585555,1886,4812306,1600905,2545,362745,1427057,7534215,26675,58652,767,475392,0,0,0,0,13521,2501,176756,45075,38988,232235,207165,833,0,0,0,26244,1556919,18139,1989,687335,3818634,0,283893,0,1254952,0,59515,2825
360,805,56651,99896,4772046,2227343,314,13605358,1317004,0,245460,1133302,12525573,59904,1109633,24269,1563201,0,0,0,0,933,13996,1612379,155951,89112,364076,1348346,9446,0,0,1816,67771,10351470,1777,473,2746327,4117372,0,3576206,175,6402097,89665,1249932,2375
361,0,4548,11739,805315,448285,4,2387814,302960,0,120188,235768,2639365,18821,69960,0,1777639,0,0,0,0,0,1586,862888,40569,578998,77058,1597312,384,0,0,0,45316,2751437,503,0,2132130,747566,1674,588522,0,1360724,8980,817568,446
362,4606,10393,42625,662025,624505,137,2062939,222826,0,145235,234276,2449650,20151,150809,4530,2259612,0,0,0,0,0,0,840585,1846,309297,80558,1125813,7354,0,0,0,35330,3230159,1123,0,1973918,687821,0,636399,0,1771048,0,979067,382
363,6109,18758,152731,922879,433006,1034,3316620,368316,0,216488,523594,3451045,32777,48268,9123,1154278,0,0,0,0,5119,0,643734,37640,172436,154825,957764,6148,0,0,0,62033,2554280,8672,1039,810228,2057265,186,637760,0,1506305,44674,1517934,5217
364,0,74,2874,119246,119057,0,812876,81501,0,17504,199364,1328977,17008,206699,151363,862767,0,0,0,0,4370,0,308598,35342,236301,329615,685613,0,0,0,0,26505,496367,0,0,195921,239302,0,297425,0,329578,1695,945309,53
365,0,49055,61062,594454,191903,662,1269140,303139,0,497712,104811,1099559,8664,265766,30100,250157,0,0,0,0,189,0,404325,2779,22146,29962,308732,0,0,0,0,12833,864228,0,0,315137,439960,0,395932,0,777659,0,174716,0
366,985,45131,128072,1231721,429348,1136,2834981,695411,0,517482,311460,2343003,7453,324144,126230,547667,0,0,0,0,0,0,475480,55648,28491,154590,912551,2383,0,0,0,36497,3208351,0,0,275928,1615547,0,792763,0,967102,289,439530,10696
367,0,191,859,31327,67852,0,366109,51564,0,0,44425,286699,0,0,0,0,0,0,0,0,0,0,117641,0,41296,13806,10023,0,0,0,0,359,286073,0,0,61305,198282,0,241540,0,48774,0,0,69
368,0,7355,6105,80265,159460,0,411501,75259,0,367805,51552,1930338,0,6948,0,0,0,0,0,0,0,0,325643,0,16573,31699,233469,0,0,0,0,1029,972970,0,767,681473,100527,0,732474,0,771462,0,0,0
369,0,4810,82065,423653,348369,0,2090755,517496,0,256495,262852,2592951,15387,113433,0,976435,0,0,0,0,0,1937,1041427,8976,196474,140699,1249192,0,0,0,0,56450,1563682,939,0,708328,619490,0,1721799,0,902037,0,1671295,7864
370,117,2750,21002,239873,104633,168,782658,119583,0,0,237501,1700738,29252,306439,0,1461764,0,0,0,0,16717,0,445941,60668,507438,57836,902885,0,0,0,0,44868,1147263,3530,0,775818,328677,0,457646,0,298835,0,1817967,0
371,418,348,5632,51667,153180,0,542241,61266,0,33289,89911,1385063,3597,52139,2062,188514,0,0,0,2241,0,0,481385,0,343051,115893,353019,0,0,0,0,30285,1268769,174,400,484566,225006,0,295609,0,824590,718,1098746,1675
372,0,5540,13686,243320,624363,0,608640,103319,0,438462,205824,3697156,0,8848,0,0,0,0,0,0,0,0,271335,0,30823,26736,171879,0,0,0,0,6385,2500756,2591,447,911644,726364,0,662173,0,1199003,0,0,0
373,0,15277,24613,370407,939785,0,888587,62657,0,330185,146548,748981,0,0,357,0,0,0,0,0,0,0,349261,18,5147,75281,108636,0,0,0,0,2839,3439928,3006,0,821433,451611,0,1221575,0,1147536,0,0,0
374,1561,3743,3078,277268,662668,0,579610,4226,0,385151,213299,1486844,0,0,0,0,0,0,0,0,0,0,308202,0,16937,80635,117666,0,0,0,0,1508,3087984,996,0,1316241,490454,0,718571,0,480251,0,0,0
375,18211,4219,12960,752138,646211,39,3616906,343638,0,609026,466304,3215216,10526,45667,131611,583559,0,0,0,0,7813,31174,420584,49750,31447,310524,416918,0,0,0,0,57116,5749740,0,0,663773,874977,0,735415,0,1202171,62624,935580,1205
376,9402,14165,69177,914677,946013,1723,5431601,995151,0,320532,1097242,9866584,42001,953475,904271,1176325,0,0,0,0,75840,24562,1295933,132183,173731,913898,522219,453,0,0,0,95733,4267462,14308,0,602458,1188632,254,462379,0,788526,25123,1135467,959
377,195,7115,78307,854320,747428,75,4655489,562223,0,0,589229,4201689,23398,61925,26192,1144197,0,0,0,10628,53485,70957,668516,27982,85045,278941,289071,0,0,0,0,29102,2525797,1257,0,265422,1853274,0,340437,0,1508825,5926,384644,27552
378,0,7988,23703,1150870,694768,874,3860155,311973,0,119846,736188,3229558,2229,232219,165254,188349,0,0,0,0,4846,74648,532508,30673,52671,95365,111042,0,0,0,0,32551,2484177,4063,0,444374,1088313,0,330560,871,240150,27849,462673,0
379,8262,24018,101513,2957346,734946,411,5138607,487915,0,263289,918288,5371542,22145,214424,30387,1046017,0,0,0,0,4488,230,413593,44381,63795,197641,104121,0,0,0,0,52773,3302050,9221,15311,456014,2616701,3624,261176,336,953611,143728,475012,431
380,847,3676,66964,1892644,610070,117,4532920,439051,0,23232,460510,3160337,19321,238015,10012,469337,0,0,0,0,5746,40265,403320,18403,51515,286107,122738,302,0,0,0,53142,3746456,7131,924,518329,2665327,0,960068,430,1028146,111100,562209,583
381,0,5667,38659,998824,777354,0,4115842,677952,0,61628,392289,3116146,6918,310550,156633,312722,0,0,0,0,901,4119,853466,57645,46315,193954,182085,0,0,0,0,53956,4915713,629,0,577862,680181,0,1344458,0,1005243,631,1100013,1252
382,2176,1262,26650,1503459,1434338,0,6714978,512533,0,136191,770735,5373669,32326,276198,31465,1547268,0,0,0,0,17316,0,504054,35013,165035,769502,287044,1133,0,0,0,36683,8777084,3757,0,778417,2148032,1136,1287136,0,3379615,614,1086917,1375
383,0,5636,63311,1920306,1463777,87,9450792,1309516,0,52479,927769,7497134,31531,604865,130559,1830340,0,0,0,0,18593,24636,1098223,54654,79484,139273,258525,0,20670,15121,127011,82129,9091782,19468,623,798306,1970717,0,1340731,771,1207791,48936,695605,2875
384,7422,4242,118564,1907060,938083,1447,7772632,687275,637,156187,1229413,5903365,28671,227329,14439,705711,0,0,0,0,59108,41788,347259,75323,184110,704641,306918,0,15019,59400,425563,40608,2074632,17438,48031,890156,4246868,0,585039,239,1218782,0,0,557
385,20939,32671,295358,1148960,571264,3123,4913777,574676,0,9483,439956,8178703,29963,415263,10790,1621274,0,0,0,0,27556,177992,386329,105017,101200,135347,492341,658,158290,120671,457064,115643,1552662,14000,7880,860375,2711636,297,429045,542,460211,58432,444379,307
386,0,34560,67519,1294624,551675,0,4535324,279949,0,0,544452,4215475,17521,272323,32025,623953,0,0,0,0,4293,80398,295421,30612,5549,75909,130022,2328,65023,40033,576867,24498,1424274,6229,0,981703,2772581,0,223097,0,664699,0,0,211
387,5255,16865,67916,1110075,598535,348,4459790,398943,0,565844,766486,4064391,32368,147287,51135,949165,0,0,0,0,20529,7221,271725,11033,15234,117221,121370,4981,0,14236,84476,57350,2993443,7338,17756,522264,2399019,0,505029,0,836142,1803,54753,523
388,124863,62019,489814,2660771,897616,5740,7908979,1579121,2959,0,1531095,8879496,49035,125181,35507,1262695,0,0,0,0,31845,8033,288050,57365,38395,286547,36628,2718,20340,42688,542091,115176,1474972,20638,37126,567558,4658542,0,94705,2480,919182,81750,370822,24391
389,594,14537,86472,1748358,797792,565,6998368,1016409,0,4290,523050,7343667,33243,469803,0,907601,0,0,0,0,12208,11775,292523,33185,15834,42470,119747,0,10136,4713,267209,71323,1489480,11000,25589,876113,3949272,6839,460902,0,328275,69635,478162,0
