"zone";"volume_building_dcmix_hr";"volume_building_dcmix_lr";"volume_building_dcmix_mr";"volume_building_irh";"volume_building_light";"volume_building_sdr_hr";"volume_building_sdr_lr";"volume_building_sdr_mr";"volume_building_sky"
-9999;0;0;0;0;0;0;0;0;0
0;1459581,10557556;942182,225952148;4853858,44244385;27021197,9491425;3134601,10699081;39134,6003417969;15214930,2655029;7888101,09777832;530988
1;0;33878,197265625;183114,6875;18273475,5;4526225,625;0;39828374;6629436,75;0
2;0;26144,6015625;98283,1875;6567433,09375;1762384,12402344;0;15465385,9765625;2560267,80078125;0
3;71108,796875;15668;434572,21875;10603567;2219834,25;25058,19921875;19116476;3653263,75;0
4;22235,69921875;28416,197265625;475734,65625;9125045,46875;3734309,84375;25620,8984375;28538025,3125;4723522,078125;0
5;200723,203125;347121,53125;3218950,5;23429454;3681629,25;8526,099609375;31706066;7431941,5;0
6;0;149598,893341064;535345,791503906;16040434,9375;9999983,1875;0;61748510,875;10057879,9257812;0
7;0;17186,69921875;258228,203125;6468424;1526099,875;828,900024414062;13394867;2535031,5;0
8;8139,80029296875;98218,5859375;361406,09375;3622724,79980469;1818337,1640625;0;10647893,3125;1590738,15234375;0
9;82981,6953125;11344,599609375;563207;6110982;1985772,25;2146;14365427;2614725,5;0
10;0;26760,8984375;371416,71875;4009286,5;1689215,375;1972,19995117188;13871544;1938589,25;0
11;0;9,89999961853027;46038,1015625;5859133;4163741,75;0;16522414;2159754,75;0
12;0;84,1000061035156;3788,7001953125;3559970,25;3015971,75;0;18416762;1456265,5;0
13;0;0;0;6492683,375;4979295,375;0;31980701;1335722,984375;0
14;10271,7001953125;27200,19921875;1156833,625;19794304;3938168,5;0;32957222;2396958,25;0
15;0;29552,49609375;180680,09375;11526151;3956955,75;0;29819304;1743324,875;0
16;0;28461,498046875;212258,1875;3087531,25;1870442,75;2999,69995117188;15664849;1901497,125;0
17;0;549,599975585938;61153,40234375;3814844,75;2600750,75;0;19644972;702240,5;0
18;54676,49609375;55497,6953125;1571945,25;11625486;4327217,5;18327,5;34013516;3499578,5;0
19;9870,2998046875;45125,30078125;775380;13120851;4371277;2584,80004882812;32895384;4010336,75;0
20;0;18670,298828125;345717,40625;6511320,5;3218671,75;3609,89990234375;26640246;2759933,75;0
21;0;8250,5;684126,625;11762439;1239863,125;0;10703410;1293274,25;0
22;0;453,899993896484;3503,69995117188;4889775;2419160,5;0;14409830;618491,1875;0
23;0;11606,7001953125;133860,375;4576676;2509668,5;0;18595248;927146,25;0
24;862,399963378906;39987,09765625;240268,40234375;8382251,79980469;5101929,71875;0;27947721,375;1374129,984375;0
25;0;908,899963378906;74389,296875;7272511,5;2755999,25;0;20781448;1281378,75;0
26;7510,400390625;43949,00390625;1381046,75;9823721;2200182;0;19314554;8619388;0
27;0;7090,10009765625;147329,296630859;9153257,375;4091850,125;0;26795005,6000977;4254843,625;0
28;0;1670,80004882812;45520,30078125;10220371;3242119,00292969;0;23518560,578125;5704317,29980469;0
29;63422,703125;19415,900390625;1895006,25;15142173;2719588,25;0;23762352;7939789,5;0
30;8813,30078125;1595,30004882812;116064,3046875;12032325,40625;3968758,8359375;74260,796875;27021845,59375;6217444,30078125;0
31;0;9833,8994140625;48347,6953125;14374941,199707;3227455,75024414;43128,80078125;22770908,2929688;3920087,59960938;0
32;82514,9921875;3901,10009765625;337136,84375;16511527,3984375;3800638,09375;239969,703125;30883861,234375;4926232,80078125;0
33;0;4690,7998046875;29763;7033803,25;3220964,9375;0;25650659;2305611,25;0
34;0;122,100006103516;218147,53125;12823356,5;2827586,375;21791,6015625;24372469;2554948,75;0
35;0;7841,7998046875;102584,203125;8415371,625;3033802,21875;0;25498212,5;1398871,03125;0
36;2321,69995117188;21418,701171875;55351,7021484375;6664603,125;1738432,125;0;14289365,75;1135078,5625;0
37;0;940,800048828125;144255,8125;4293160;2290450,25;0;19763176;2346015;0
38;0;32740,001953125;218937,421875;7118581;2817328,5;0;24035390;1332790,125;0
39;209760,609375;17773,1005859375;898061,5078125;11615926;5384248,5;0;42030194;3188689,375;0
40;2295;4531,2998046875;558000,375;9444722;1875898,875;53918,59765625;16591294;3713073,5;0
41;0;0;85191,1953125;15905328,7998047;4087821,75195312;0;27789886,3125;4150879,1484375;0
42;3146,40014648438;5719,69989776611;195086,284423828;9299098;3633209,15625;109867,203125;25549635,375;6105743,84375;0
43;59860,90234375;19992,30078125;386522,84375;8245731,5;2046715,5;245,600006103516;17887126;1908540,875;0
44;6646,2998046875;15118,80078125;631273,5625;11888922;3108758,75;66818,1015625;27150584;6221381;102765
45;60402,3984375;0;181890,96875;8205271,5;1972793,375;52438,3984375;17016336;6805476,5;0
46;4931;3590,60009765625;482015,703125;10031280,8125;3119708,0625;19850,400390625;25994694,5;6369827;0
47;0;0;68106,4921875;4443274;1960552,25;6272;17170188;4597128,5;0
48;296506,875;2655,2998046875;1824430,625;8637687;1190373,125;37550,80078125;10606018;8867429;0
49;279,200012207031;3800,7001953125;567684;11850967;3212359;58600;23605280;3464632,75;0
50;407897,28125;123296,6015625;1347110,625;9032424;3596348;36966,09765625;27348574;5586761,5;0
51;96983,3046875;13393,7001953125;914180,5625;13272561;1894906,5;43784,3984375;15980072;3738359,75;0
52;11024,7001953125;36774,09375;159078,828125;8966563;2857846,75;5991,2998046875;21916472;2640642;0
53;0;46023,30078125;599067,6875;6922876;1846515,125;0;15691851;2808042;0
54;105658,9921875;17378,498046875;2297587,25;10609750,8984375;4022218,39453125;3972,60009765625;31134536,375;4829852,5;0
55;0;2456,50004577637;131495,3125;4916088,7421875;2944054,109375;0;23317439,875;1663627,34765625;0
56;247153,796875;4203,50048828125;205456,921875;7557638,5;3518112,75;2460;20749370;2407264,5;0
57;4495,7998046875;36970,8994140625;514583,11328125;17940526;3612207,75;0;25436830;4805913,625;0
58;0;108923,421875;837345,25;9508488;3272629,5;0;26395360;6316194,5;0
59;5615,60009765625;15475,80078125;190835,2890625;13384306,75;2949558,9375;21502,599609375;23185662,5;3447964,75;0
60;0;40508,69921875;920019,8125;7325430;2461562,44921875;0;19981484,4921875;3574296,40039062;0
61;89864,1953125;269424,25;741742,5;13200009;1943089,625;2416;16555260;2924390,25;0
62;0;67596,984375;317023,1875;10281624;3213650,25;0;26925082;5057918,5;0
63;3096,80004882812;5635,30004882812;283874,0078125;11130105,875;2954469,375;6242,60009765625;22021760;4837054,5;0
64;0;396578,8125;732590,625;10514684;1834782;2979,19995117188;15943602;3918787,75;0
65;125289,1875;62847,109375;2052485,75;16457997;3846914;82996,1953125;29533198;9112818;0
66;0;421875,15625;636291,8125;9140542;2259623;0;19099794;2628962,25;0
67;772690,125;236648,46875;3853163,5;23058544;3244922;153732,828125;27378208;10151150;0
68;157522,5;58699,0078125;469039,25;8279314,5;2459799;28742,900390625;18708180;6310316;0
69;0;89310,4921875;103647,8984375;5965278;1837533,375;0;15563692;3051412,5;0
70;88658,3046875;298491,21875;1284321,75;18605704;3231824,25;62241,60546875;27378072;5299148;0
71;0;2442,69995117188;690302,1875;19455832,25;3598639,75;0;28968386;5609758,875;0
72;0;15455,69921875;218199,609375;12483097;4207986;0;30319352;4068348;0
73;9871;2690,89990234375;62178,6015625;11984486;2865682,75;0;25100904;2963103;0
74;52040,3984375;35076,1015625;1493848,875;18430448;4319967;11752,7001953125;37193392;7593460;0
75;0;24855,19921875;260029,6875;16764416;3310830,5;5555,2998046875;27258112;4267019,5;0
76;15838,400390625;190280;797402,1875;15382086;3434471,75;0;29214676;4709194,5;0
77;21851,30078125;18368,201171875;664963;7622297,19067383;1998376,95941162;20975,900390625;15639444,8745117;2563766,7421875;0
78;0;36659,59765625;149699,09375;21157622,5;2900438,125;3008,60009765625;24357030,75;3893212,875;0
79;11465,5;35231,69921875;251184,8125;3868052;1427470,25;7177,89990234375;12677840;2905744;0
80;92805,609375;2429,60009765625;903086,1875;13830684,5;2161154,70019531;2140,39990234375;16155743,0009766;4022177,75;0
81;85252,9921875;82806,2060546875;464858,4375;19942002,5;6810066,375;0;43825318,5;6462355,75;110880
82;409285,84375;30527,201171875;2796932;10834249;2017841,25;65998,5;17744822;6062669;0
83;0;2201,09999084473;56777,8984375;13614857,75;4663922,875;19259,7995605469;33048645,5;3281726,375;0
84;169378,21875;980,099975585938;480765,1875;19350566;3404887,5;4068,89990234375;25644920;3975524;0
85;0;30383,697265625;679586,5625;17466755,75;4477233,1875;21166,09765625;35138071,75;6802989,0625;0
86;35338,6015625;24855,3046875;349620,375;12698382;4172268,5;19499;29198090;3779406,75;0
87;0;0;3884,69979858398;17199331,5;5757049,5;0;33632932;1897531,4375;0
88;41272,3984375;34965,80078125;186054,109375;10114422;4539231;1256;33849904;1986209,625;0
89;31721,201171875;128870,1015625;464663,125;10398410;3044759,75;0;21605372;2143158;0
90;74620,1015625;137483,5;964482,25;19870342,7109375;6295067,0625;2356,5;39071285,25;3839927,39941406;0
91;2370;13344,7978515625;97084,1015625;8786528,921875;4907543,9375;15983,400390625;29339608,96875;1971864,92578125;0
92;520147,34375;34924,296875;3287462,5;14925325;2627557,75;182325,609375;23058890;8748078;0
93;0;0;39117,5;11904472,5;5022840,11279297;0;34530233;2076881,46875;0
94;179033,296875;62513,390625;2114730,75;21872334;1375138,625;5385,400390625;11735479;2933025,5;0
95;5457,39990234375;138264,5;213122,171875;19827576;2982790,75;2340;23636556;3137597,75;0
96;0;0;44823,001953125;14189782,25;2726871,4375;0;22227247;5371593,625;0
97;81482,5;10201,2001953125;1137933,875;13253514;2515697,25;0;21552210;5631050,5;0
98;176464,203125;33327,8984375;3272024,5;33025670;4538390,5;43352,3984375;39964260;12678966;0
99;0;512,799987792969;12983,900390625;8455981;3168967,25;0;25327196;2748804;0
100;2179,2001953125;1050,50012207031;137303,203125;14957050;2062881;49674,5;16407786;4307963,5;0
101;0;34824;204875,921875;5987854;2554951;0;18604660;2801512;0
102;0;1773;26988,498046875;19622102;6217140,3999939;0;35704558,5999756;6346893,5;0
103;69923,1953125;113957,0078125;1422158,2734375;18247822,5;6157620,75;21352,5;42554958;9151304,75;0
104;0;14314,4013671875;16259,6010742188;6273574,625;2900444,125;0;19254505,5;3798934,5625;0
105;0;0;0;12394183;4046244,75;50725,69921875;21643120;3576068,75;0
106;0;330582,03125;4081350,75;10713486;3733791,75;0;25986212;8319589;0
107;1290947;25929;2530782,3125;18487367,5;3310878,625;9081,7998046875;22014327;3934894,125;0
108;86824,3046875;88905,2890625;635231,3125;16598616;2978541;19584,19921875;25878198;4662396,5;0
109;1412823,25;41972,0986328125;1052108,59375;21790619;3786798,25;37051,1015625;29845147;6062376;0
110;0;10352,9990234375;453675,375;7233259,5;2657639;0;23302318;3057835,25;0
111;2528,40014648438;24025,19921875;219203,109375;7003320;3001110,75;0;26156262;3124684,5;0
112;9163;26895,1015625;1026195,8125;9439952;2351880,5;0;20420896;4212272;0
113;264560,09375;26071,0009765625;702064;16214603,25;3847552,875;405,5;30753128;6568474,5;0
114;515432,8125;6856,89990234375;471016,84375;10382648,1875;3348371,2265625;6367,400390625;28152480,125;3751216,96875;0
115;239677,98828125;66170,6970214844;708830,859375;23110961;4250076,625;37643,19921875;32776297;6229214,625;0
116;27710,701171875;279707,5;1755271,25;13031092;2810457,75;16045,298828125;24535456;8302906;0
117;0;729,900024414062;31020,396484375;9687520;4328205;0;33562528;3325853,75;0
118;0;29167,203125;26212,798828125;14066087,875;4061729,90625;0;29071851,625;2866740,625;0
119;0;2274;65190,5;10845257,1499023;3795937,82421875;0;26773563,4023438;2950470,67504883;0
120;0;1172,59997558594;100604,015625;12741840;4417481,5;0;32994496;10230261;0
121;0;134,399993896484;2816,80004882812;15614852,25;4883172,625;2235,60009765625;31436888,5;2604244,40625;0
122;18888,80078125;50054,40234375;418379,087890625;18229710;6471106;116908,8046875;45224952;7418618;0
123;0;31492,8984375;562021,6875;8316031,5;3775202;0;28921650;5744379,5;0
124;209050,59375;11282,80078125;122577,0078125;4475555;1799435,375;0;12174560;990904,625;0
125;346305,40625;32621,49609375;563059,25;12806991,09375;2356807,34375;3186,19995117188;20779376,765625;3865840,94921875;0
126;592147,25;47785,60546875;3447277,25;23928824;3255049,5;90058;26020460;8917006;0
127;61395,09765625;31673,19921875;990532,828125;12913172;3174458,625;21638;27246376;4963834,625;0
128;31678,599609375;12691,0009765625;843251,0625;12980769,59375;2934112,74023438;11634,7998046875;25538918,3125;5931205,30078125;0
129;0;263,5;74660,4028625488;12251955,4960938;3647688,515625;15621,2001953125;30250414,40625;4049576,59375;0
130;125636,8046875;15501,599609375;1303708,625;20317992,390625;4501970,29492188;23892,001953125;36784558,421875;7444521,703125;0
131;0;13410,2001953125;189422,03125;8420055;3598932;0;28617180;6783321;0
132;23811,8984375;59981,00390625;337941,90625;9908121;1681306,25;0;14872662;2603283;0
133;0;135;9011,2998046875;7383654,70117188;3095860,70703125;0;21013279,03125;708758,062255859;0
134;0;16925,1015625;77762,90625;7782156,6875;2353655,21875;0;15124671,125;2575583,80029297;0
135;367991,6875;57075,69921875;1966073,5;12737612;2808147,75;31374,599609375;24048538;4698037;0
136;294974,78125;28041,4995117188;104395,109375;11604522,203125;4058393,15393066;31012,5;26939954,5092773;1786014,36914062;0
137;0;163204,1875;35100,3984375;15854096,375;3404531,125;16971,400390625;24497416,625;1803406,4375;0
138;212621,515625;30507,001953125;183812,5;12328057,375;4965208,15625;65515,9921875;32387493,25;2029462,0234375;0
139;18023,298828125;21186,5;183176,887451172;11615394,1875;3780218,703125;0;27535008,375;2403001,703125;0
140;0;2831,30004882812;542326,75;6370434,5;3089723,75;9657,7001953125;26692174;9353224;0
141;40859,80078125;0;764272;2401414,75;1569688;38394,69921875;13698399;4483006,5;0
142;29403,701171875;1881,59997558594;1009426,25;7840108;2962776;63,2000007629395;24835008;5862788;0
143;0;0;43915,90234375;4365072,8125;2127470,53125;0;17342941;4390990,890625;0
144;22036,30078125;0;457695,07421875;4957007,4375;2810968,953125;7507,00048828125;24343749,75;4016683,25;0
145;30,8999996185303;3721,7001953125;176076,359375;5818631;1749962,625;15139,599609375;15146803;4488376;0
146;98645,1953125;5373,39990234375;809895,6875;7189074,5;1877817,25;17280,701171875;16227201;4392887,5;0
147;0;6893,5;567496;5474468,5;2035419,375;10306,2998046875;18014838;2209989,25;0
148;0;0;6465,5;2142590,5625;2140984,375;0;16797454,5;1420716,09375;0
149;0;7796,2001953125;36745,19921875;4030453,5;2817518,203125;0;23303712,109375;2519998,5;0
150;617363,4375;80006,3984375;1195692,875;4913208,5;1746302,5;96481,796875;15364760;2843443,25;0
151;103119,7109375;7675,599609375;503078,25;20222280;2036162,375;5811,2001953125;17387520;3067034,5;0
152;0;27509,900390625;1084714,375;12823743;2986546,5;4883,900390625;26304462;7712094;0
153;401655,03125;34008,203125;885893,0625;20393270;2929773;24280,6015625;24466138;5857875,5;0
154;3145,7998046875;5828,80029296875;479431,90625;16486574;4623961;388,800018310547;36646084;5267168;0
155;208606,109375;75203,3125;1748124,625;15298278;3589676,75;28713,80078125;30726284;8780846;0
156;0;31612,80078125;101454,1015625;5177622,5;2012998,625;0;10390886;503223,03125;0
157;0;10486,201171875;79507,3046875;8678263;4974243,5;0;29076732;1303392,5;0
158;0;17596,6015625;19550,298828125;8590700,140625;4538458,9296875;0;24901833,5;2644904,953125;0
159;646166,8125;5535,60009765625;504690,84375;18528070;1775783,75;101692,7109375;15116416;3351860;0
160;94818,296875;0;485287,9375;8161255;4038679;12117;28498124;4688991;0
161;3118,5;10589,1005859375;296877,59375;7191214;3416586,25;0;27296216;3450826,75;0
162;0;0;67178,296875;6105372;2789647;0;18544408;2310418,75;0
163;171914,8125;76801,5;1268178,5;15288560,9997559;2285837,10058594;132,800003051758;18142766,9960938;3446334,5;0
164;363633,125;95897,9140625;3290741,25;14810255;2602763,5;27204,400390625;22726326;9116969;0
165;2477221,75;117674,09375;3568175,75;20447510;3644796,25;309163,9375;28851936;7827366,5;0
166;197723,890625;89819,7109375;1882188,25;29066506;4764828,5;30860,798828125;37665884;6971645;0
167;23618,6015625;216910,296875;2047567,5;14055101;2803459,75;16285,5009765625;21871644;6402923,5;0
168;180739,09375;175474,4765625;1230494,453125;25611088;2662946;32916,30078125;23046973;5186626,625;0
169;504739,625;41909,99609375;1167850,125;30109870;4751181;2213,60009765625;40862116;4308323,5;0
170;306720,3125;239160;2618438;24910496;2728782;111089,5078125;23134762;11638354;0
171;13146,1005859375;1392960,85058594;3524794,375;15533391;3143206;8871,599609375;27245668;3880428,375;0
172;619455,3125;90057,484375;6137935;44779868;4872940,5;9352,099609375;42501940;10322598;0
173;62204,09375;56634,8046875;1086038,5;55708423;14475485;12742,3994140625;95659140;13963419,5;0
174;335830,3125;392723,8125;4560400,5;24593464;3732850;37586,30078125;32206564;8862406;0
175;1294337;164194,390625;9327890;36758540;5674418;80912,59375;43984680;9146911;0
176;113722,0078125;14468,30078125;2277398,75;20703682;4531969;243760,21875;36084608;14328928;0
177;941263,6875;139334,625;4017359,75;31446408;4754043;140206,703125;42060020;12661035;0
178;2478873,75;589462,375;14984259;31646868;5330672;252607,796875;47370912;26032112;237838
179;0;855,599975585938;5582,70007324219;5365250,625;1579259,0625;0;11796920;2165522,9375;0
180;3319633,25;265207,59375;10320678;29600604;4890229;217931,984375;43026476;18295574;0
181;18008,5;228025,921875;1547307,75;27014058,796875;8703217,4765625;0;64183192,71875;13356734,515625;0
182;30130,5;12180;1437344,25;34801340;4117769,25;31919,998046875;34962448;8432527;0
183;48655;213841,609375;2956331,75;35318124;4786663,5;15610,7998046875;42030532;15083385;0
184;163272,3125;0;2956211;8809945;3965878,25;120323,703125;32279068;27614826;0
185;4661556,5;34741,40234375;11345947;43426848;6342973;607016,5625;54259860;62892904;210196
186;225815,734375;17380,5;374003,21875;18137662,9023438;6264227,88750458;87551;49582800,7375488;6950268;0
187;5843,7001953125;0;116381,5;36218337,75;7213752,5625;60027,2998046875;58220841;23424506,625;0
188;671992,25;113987,609375;3239749,5;26857950;4490992,5;19725,30078125;39282048;18274602;61074
189;89794,2890625;104727,5;380346,3125;5163121,1015625;3090979,1953125;11826,19921875;26912551,0625;7764868,90039062;0
190;418616,53125;139891,859375;2147386,75;6858476,5;3928647;47584,796875;34638988;6909485;0
191;262797,1875;72576,8984375;1372418,375;14852383,90625;3586937,125;58452,09765625;31398623,25;5917991,8125;0
192;200514,09375;636000,5;3610233,25;29766348;5042913;80869,796875;42503140;7462092;0
193;814590;5406,2998046875;2554865;30306472;4399337,5;135738,59375;38323284;13887800;0
194;752375,5625;47807,40625;4326571,5;16880826;3066467;97585,1875;27291740;17105476;0
195;207476,09375;30309,796875;1276449,875;8491667;3900989,25;69062,6015625;33838500;4435105,5;0
196;260898,1875;72612,59375;589670,75;27552648;3118623,75;3027,59985351562;23975910;2887354;0
197;49526,8046875;157290,4375;1665859,875;18355382,6875;4776267,80078125;17823,19921875;39720849,21875;10865253,0976562;0
198;28519,80078125;24,9000015258789;460581,625;9131973;2427773,25;18431,1015625;21468918;3225230,25;0
199;0;5512,49951171875;126574,413085938;19128881,5625;4360183,09375;8544,900390625;33068294,125;3737707,359375;0
200;1969227,25;9886,2998046875;3994233;15754624;2643349,5;133762,90625;23310470;9939836;0
201;363222,90625;5122,89990234375;2705411,25;20108894;2266275,25;20550,298828125;20060626;4857947,5;0
202;366577,8125;15397,701171875;2089324;6462053,5;3424621,75;60131,49609375;30069396;7500629;0
203;0;26035,201171875;218845,109375;9784706;3841261,25;23050,501953125;33345540;4040865,5;0
204;516207,03125;189008,5;2351048,359375;48581382,5625;5581957,09375;112503,599609375;48298453,5;12203068,25;0
205;241115,296875;131721,625;3131513,5;11599394;4868948;8770,5;35722152;12188523;48216
206;707120,125;227015,796875;2157034,5;19890218;3719071,75;96247,59375;31887404;7793374,5;48640
207;999579,875;106151,5234375;2656970,4375;20159440,25;3486799,4375;196260,41796875;31011756;11116359,875;38320
208;0;160006,59375;765638,125;9304108,90234375;4583415,89941406;0;32257900,6875;3370803,25;0
209;207255,109375;281523,868774414;2336670,54675293;58755505,09375;14589860,03125;46607,40234375;114723311,5;23097433,875;0
210;95200,796875;91332,6953125;1993418,25;44627304;11763448,1875;24867,8984375;98196803;18177292,25;0
211;438094,052734375;93780,4125976562;5057187,06872559;54428144,375;9636812,828125;43827,8984375;78683769,875;15523846,15625;0
212;584364,287109375;188543,0390625;1428404,83203125;36274415,546875;14768160,0859375;104232;106809563,0625;15302843,0546875;145626
213;0;87905,91015625;528588,970703125;50368956,5;29668399,5;111934,703125;135046188;15095343,125;0
214;0;0;0;163232,390625;24065,001953125;0;165622,71875;19728,19921875;0
215;18123,1015625;87877,6953125;1337747,625;47408568;16930228;53588,796875;121696400;26597790;523365
216;167882,875;8808,69921875;2615278,75;19853309,375;3825470,46875;196853,09375;32613206,75;11922168,5625;0
217;2891,39990234375;19907,5001220703;782545,68359375;26125226;6963771,875;0;60021140,25;11615596,9375;0
218;134403,80859375;340844,193649292;1131120,00195312;33033959,6523438;11193701,5251465;25128,3017578125;92009265,4003906;17525850,0249023;0
219;60738,09765625;14435;1151110,75;16684341,25;5377967,5;0;42926216;5763321,625;0
220;0;6266,30078125;21102;2459608,25;2506917,75;0;21905386;2271699,25;0
221;0;0;129163,8046875;5115627,5;1856075;0;16028983;3067812,25;0
222;11396,599609375;21228,298828125;1675357,625;11360112;3794463,5;11261,2001953125;32515884;6083420;0
223;807569,8125;4089,69995117188;2320521,0625;12193043,25;2211322,8125;200509,181640625;19054841,25;13166061;0
224;0;6551;95810,6953125;9560437,859375;3000503,71875;0;21548342,5;1657639,65039062;0
225;0;56527,203125;189393,59375;16418982;3379210,5;2168,69995117188;27445090;3637922,5;0
226;29377,099609375;44244,90234375;812864,75;20502268;5144208,5;0;42667068;8132465,5;0
227;28983,099609375;4343,10009765625;161807,087890625;17674678,5;5101961,75;27383,599609375;37105502;3982840,5;0
228;502102,5;144372,421875;1045056,75;17618698;4208685;25995,099609375;31865764;10843947;0
229;90216,6962890625;1205035,1875;797117,4375;9860226,5;1938979,40625;0;14154003,5;1692923,46875;0
230;8871,3994140625;41778,69921875;2886360;19696106,4023438;3762242,39746094;24345;30156308,171875;12092250,390625;0
231;1343266,5;38002,802154541;730052,949951172;15063894,34375;2495945,0078125;100407,6953125;18082990,25;3838772,640625;0
232;0;53734,19921875;411558,5625;11655125,9375;3778548,3125;0;25469362;7049463,84375;0
233;48646,30078125;116477,897949219;1018153,375;8682606;4864369,625;2784,89990234375;36759303,5;9585886,5;0
234;0;45840,1015625;163384,078125;16058849;3600493,75;0;30089128;5754395;0
235;0;5048,69970703125;283003,8125;10942376;2075980,375;0;17269326;2143895,5;0
236;0;20208,896484375;824473;11774927;2432262,25;78190;21325578;5315980;0
237;2588,60009765625;63180,10546875;502365,84375;7892963;3487619,25;0;25454902;4001722,75;0
238;114095,1015625;103381,90625;1107255;10172187;2986144,75;0;25885272;4616761,5;0
239;0;16453,69921875;332773,90625;9161928;2467717,5;0;20179544;6496855;0
240;0;767,099975585938;85251,390625;8428563;2983230;0;24586940;2126798;0
241;141905,109375;2162,60009765625;427202,3125;15294049,4375;2920437,09375;63430,19921875;24116125,375;3870754,40234375;0
242;0;190131,5;523483,8125;11028286;5476093,5;0;37687080;3579965,75;0
243;120316,6015625;54076,30078125;2143475,75;14838715;2274707;7573,6005859375;19635754;8300322;0
244;18380,798828125;5561,89990234375;158262,59375;9378896;3859208,25;2714,89990234375;27823236;3930586,5;0
245;0;16484,9005737305;111244,6953125;11966731,9375;4885012,875;4146,599609375;29568864;3878511,4375;0
246;16561,201171875;15154,2019500732;29818,6024169922;10115354,2578125;4239170,1875;0;27048028,375;4062260,3125;0
247;0;25718,099609375;917104,3125;9004368;3864569,75;0;30762212;5631683,5;0
248;0;925,5;22928,000793457;9079131,44995117;4493646,67480469;0;23641211,7998047;4701970,875;0
249;0;7498,2998046875;155031,16796875;7979015;3079185,8125;0;25903291,5;3947549,375;0
250;0;4522,2001953125;12950,6005859375;4416498,5;3002061,25;0;22660854;3591587,75;0
251;64290,80078125;37278,80078125;1021087,375;10422794,0999756;1856920,37451172;15310,80078125;16254645,1035156;4120398,64990234;0
252;71384,3984375;42261,09765625;1910322,375;9529489;2148243;206478,90625;18957870;6704348,5;0
253;2627,40014648438;16381,501953125;285108,078125;15990762,375;4531979,25;0;35020276,5;4172813,40625;0
254;18617,80078125;14255;1112939,375;9604811;2731761,75;8884,2998046875;23354836;6210643;0
255;2979,90014648438;466,200012207031;271232,875;7071293;3247399,75;34315,90234375;27998908;7860256;0
256;21242,099609375;136249,5;139884,109375;12733675,625;2235644,9375;37750;19188316,5;3851700,03125;0
257;2940;4747,099609375;393052,96875;6573023;3662020,25;3118,5;30565282;3736915,75;0
258;125323,1015625;434731,9375;265614,59375;7601385,5;1734903,75;3612,69995117188;15119243;1680759,875;0
259;10101,69921875;721274,1875;2415052,5;27175668;6355164;2949,80004882812;55541500;11659033;0
260;162603,703125;146195,928100586;1119520,87451172;15783253,25;4236569,4375;69,5999984741211;37090216,5;8303497;0
261;17432456;481254,1875;15661232;51189852;8082070;394407,375;71650872;15558573;2541591
262;48283,3984375;163808,5;1408368,25;24366827,59375;4286348,296875;21494,30078125;37486851;12605098,6171875;0
263;4753,10009765625;72357,7016601562;988188,578125;28826912,5;4309941,875;7706;37503212;10295661,75;0
264;2159845;59999,6049804688;1668797,24609375;28741747,75;4617655,3125;236160,59375;40492742,5;5647897,25;273885
265;79010,5;86249,6875;2111983,75;20547892;6679740;24275,900390625;58622676;8831545;0
266;2969,39990234375;171681,359375;1338616,25;21620776;4353312;25543,19921875;37956740;13469167;0
267;354570,0625;124852,2890625;1764086,25;35174476;4859777,5;51193,59765625;42856192;2833146,5;27520
268;90180,3984375;114066,7890625;1773164,90039062;33037409,75;6923473,4375;33578;60065041;12927765,6875;0
269;106391;249774,59765625;2745952,8125;27208363;2856728,875;20573,5;24902140;6500341;0
270;10110067;594278,875;14563518,6875;53526725;8234910,5;165738,224609375;72358006;22848288;567868
271;189930,59375;37103,201171875;1841032,8515625;26553028,484375;3924322,734375;3242,80004882812;33922312,125;8428971,25;0
272;236217,40625;277318,25;2547912,5;22810220;6294626,5;19868,8984375;54027040;13270776;0
273;172828,59375;192717,439453125;1926960,203125;28365387;6793612,875;18549,400390625;58111770;12473277,25;0
274;139951,90625;16048,09765625;1440525,25;26169604;5531999;55851,3046875;46509192;8342787,5;0
275;267646,28125;128783,792205811;3843644,04980469;40710865,75;7965756,5625;22595,3984375;65848760;7916539,125;0
276;828384,5;17493,90234375;2172953,75;36101776;5642217,20001221;106396,390625;48046597,1000977;9036801;0
277;3725885;222848,296875;13663719;62207892;9959704;372283,9375;87364352;29863556;1194153
278;3526718,25;790635,1875;12561770;27986240;4768094,5;123095,5;42070956;19348102;29200
279;2738,39990234375;436102,25;1371814;19137576;4298014,5;9798,599609375;38092672;6659783,5;0
280;0;993369,125;1533242,5;12489435;2777298,5;0;24261136;7948431;0
281;205935,71875;879990,5;3946746,75;35621068;5651707;28586,203125;48917684;13428423;0
282;16026541;304987;25849688;112967064;17748684;671577,75;158013152;88329664;1179621
283;1229176,125;63919,2890625;5288458;39303440;6175372,5;316969;54553652;20484328;0
284;256771,1875;46766,1069335938;4235722,4375;33034430,25;6761826,25;40497,5;60141683;25509069,5;0
285;302403,625;143564,5;4923162,5;59449712;5254683;161248,984375;46702204;29886742;0
286;772297,6875;78405,1953125;4476787;26626776;5213032;100942,296875;45940804;9854825;0
287;557203,875;210448,71875;4125861,5;34712728;5452686,5;192221,609375;48429784;21332220;0
288;787972,0625;63014,10546875;5929534,09960938;32591456,75;4804963,5;237349,40625;42731217,125;22411275,65625;28413
289;1311471,5;301520,625;6122373;57043652;9770144;115070,8125;84033272;27722886;0
290;92639,203125;99549,1875;2626741,5;22515788;4611605,5;35152,5;39614920;14491310;0
291;154494,203125;191898,9140625;3797008,625;45341246;9055934,5;29519,001953125;77459384;21671111;0
292;6181433,5;823952,5;11927374;83059398,5874023;15079662,9868164;499533,0625;127436856,097656;27730262,5296631;696005
293;311494,18359375;100714,793945312;2151605,125;51136338,25;7360808,890625;68053,5009765625;60254479,78125;8459646,57519531;0
294;193816;877060,4375;3827447,5;28826488;3839414;24410,201171875;33834316;8483178;0
295;24805104;3959,30004882812;16401410;1594334;298;83393,6875;2654,5;412851,59375;8443882
296;249481,671875;10728,6005859375;1603670,5;18675828;2416080,75;16378,80078125;21182460;4818868,5;0
297;459889,1875;70141,40625;2457201,5;11530137;5208639;416350,53125;46160924;40982364;45475
298;167875,109375;62648,6953125;1366381,375;16734651;4642462;24218,298828125;41073340;8734201;0
299;1508937,25;63839,1953125;2979992,5;24580736;3254907,5;882942,75;28842884;37346348;62800
300;12156,900390625;48159,8017578125;1436980,40625;8451914,5;6140255,75;24859,599609375;53511318;9807890,75;0
301;9546306;230716,578125;22788438;7365460;565014,125;692241,4375;5034709;37044132;1872207
302;2154015,25;83659,78125;4411838;12731470;5281141,5;202038,703125;47081108;19202052;897889
303;309662,6875;46223,50390625;1933768,625;30764586;4354009,5;479325,96875;38321680;32743584;675542
304;40147,6953125;63865,1015625;2153708,0625;19560831,75;4622589,25;9638;40609793;12836723;2653189
305;1577927,0625;59257,6950683594;3838960,25;14997226,25;3114947,15625;673431,36328125;27718097,875;18504583,5;33432
306;2303777,29999924;132199,895263672;10074341,25;4864009,375;1016259,28125;336847,956542969;8872487,25;32010496,25;344196
307;3041528;295691,15625;7101212;12226002;790958,5625;713637,5;7029462,5;32789936;1890673
308;245293,3046875;58719,8037109375;3005970,71875;9308723,5;2826076;29777,1015625;25143202;23281151,25;0
309;117623,0078125;2729,30004882812;2303708,5;4909977;3852166;73319,90625;34299084;20755970;0
310;0;33747,69921875;109340,90234375;5820596,375;2832511,125;0;19539705;3515570,375;0
311;0;1600,09985351562;27286,498046875;4941527,40002441;1424732,94995117;12357,8994140625;11853302,5996094;954677,625;0
312;0;0;23736,59765625;5562239,90625;3182998,9453125;1173,90002441406;23647869,5;1927227,375;0
313;0;3545;5422,80029296875;7007256;3100066,5;0;19402346;3846532,5;0
314;0;70470,8955078125;188314,21484375;4507410,25;1808545,875;0;11349721,25;1322096,9375;0
315;75155,6015625;16423,5;248231,703125;8524287;5740493,125;0;29292886;5194214,734375;0
316;66748,1015625;78128,3046875;2446419;13218774;4621772,5;1209,60009765625;40201088;5269290,5;0
317;1547345,125;30517;4441264,5;39194112;5295118,5;422092,25;46294176;17808188;0
318;1167806,75;11850,69921875;2230856;24013452;3757440,75;826129,25;32235624;24143244;43617
319;2721786;59330,31640625;13108005;6182598;609938,25;452025,375;5447960;33395706;146777
320;2645527,25;56448,6015625;16631143;3755289;196795,59375;552920,625;1747354,625;33849968;242172
321;412757,625;1675,10009765625;2284388;7313653,5;2223426;120074,3125;19668756;14342259;94689
322;3869219,25;105780,890625;8391422;6952235,5;2064080,5;493652,75;18424906;37042708;557089
323;281600,71875;39666,2991943359;3078032,40625;6660617,8125;3469406,78125;170332,28125;30937270;19232351,875;145138
324;409290,5625;60328,40625;1243656,625;10894172;3067244,25;20585,90234375;27206142;15821835;0
325;2995438,5;135291,6875;5922862,5;21701352;3284676;752523,875;28898760;18851500;1465895
326;323214,09375;24904,90234375;2481841,5;6416367;4943560,5;5681,39990234375;43797460;13647738;80019
327;272023,375;5827,29931640625;1424391,625;5671848;2586915,75;20710,19921875;22921600;22398100;0
328;7065760,5;170198,046875;11073748;11346518;1907202,375;525417,3125;16985362;31540782;4690651
329;208813,796875;6836,900390625;959416,5625;8934702;3252230,75;24454,59765625;28573498;6231899;0
330;12670795;65217,11328125;15145480,5;12767694;507076,25;1048360,59375;4483465,75;28819089;8524276
331;20152,599609375;124189,7734375;1963532,625;9795635;3415956,5;4079,60009765625;30319218;14521989;0
332;2721990,25;141633,78125;6476354,5;11860870;2612974,5;444807,40625;23229454;38792248;0
333;18742090;280551,09375;68132104;6595992,5;263831,78125;1026431,25;2249096,25;29195740;2610526
334;38611,6015625;65280,60546875;675073,375;17310516;4844598,5;13864,5986328125;38597120;9961314;0
335;1012675,375;233021,5;5327546;19556646;2735597,75;114045,0234375;23918456;7961155;0
336;20136,099609375;79343,2109375;760514,4375;11216689;1331649,125;6034,7998046875;11600188;2898979,75;0
337;1813128,8984375;160014,695800781;4484278,99951172;42135865,25;10363726,625;178495,1015625;87317466;24254401,625;0
338;465590,3125;80661,28515625;943742,6875;10129555,5;2896705;117567,494140625;23624734;9300881;0
339;0;2770,10009765625;273336,53125;8273274;2201601,25;15656,8994140625;18950778;5233317,5;0
340;67988,203125;80912,79296875;2115289,53125;14930107,8023682;5319719,80743408;24509,8984375;40750806,7216797;16876766,0422363;0
341;6903402;333681,5;28611938;46185592;6591005;557917,25;58088888;57582072;0
342;481312,5625;422980,625;2758304,95117188;22637774,703125;3584046,71875;2820,80004882812;31447085,625;9182747,703125;0
343;22924,802734375;62807,4109191895;2430188,89990234;18172513,4499512;5967175,96386719;46140,798828125;48114034,984375;15991589,2246094;0
344;6134,7998046875;48457,59765625;1335105;10025637;2795177,5;5747,2001953125;23364974,6999512;7734736,5;0
345;131114,296875;271503,375;1776968,375;31308352;4049948;22172,298828125;35371376;12059362;0
346;10754,2001953125;16581,698059082;404222,90625;2659107,84765625;699061,02734375;3649;6056431,25;2319702,21875;0
347;308692,875;129871,707824707;1359789,60644531;8809790,046875;1638972,046875;65551,0078125;14357159,375;6522608,3671875;0
348;0;3802,60003662109;186803,806152344;6430633,5;2580405,125;0;22653241,5;3753276,6875;0
349;76217,5;102201,896759033;1596410,49902344;30468347,1499939;8488959,67498779;58388,69921875;59231685,8994141;19035483,3000488;0
350;1121,09997558594;73854,390625;1631755,75;11239610,90625;3497241,40625;3116,39990234375;29886632,75;11010450,625;0
351;962406,0625;171541,34375;1874869,875;15449838,2988281;3520320,6953125;53687,00390625;29130776,3125;8455622,296875;0
352;13725505;278374,65625;27022530;75731736;6802654,5;1057701,25;59783772;62713400;146625
353;0;245,700012207031;73520,296875;3350676,1015625;2251998,453125;0;19751191,71875;3739589,46875;0
354;136920,40625;121188,087890625;4011102,16210938;27195931,1796875;3378839,1171875;64638;29445406,84375;11580184,5078125;0
355;39559,296875;54032,40234375;1888969,625;7916497,30029297;1344395,85058594;20828;11739797,875;7019000,29882812;0
356;215850,796875;283079,90625;3967519,5;44601724;6548199,49998474;41584,19921875;57147089;17327242;0
357;201466,6875;699266,375;2716001,5;14853301;3710935,5;27304,701171875;30650486;9935501;0
358;542177;86320,78125;4287451;36031608;7621679;40499,59765625;64798376;19864048;0
359;1351457,5;48080,3984375;7090157;42222828;4264484,5;74080,90625;35170480;19193460;203600
360;28332,1019515991;409266,724609375;1290300,2421875;51175884,5;14742878,1499939;10198,80078125;92219038;14603311,1875;0
361;0;34624,001953125;152705,98828125;9516301,02185059;2856696,75878906;122,400001525879;15371528,7421875;3425880,25;0
362;163483,609375;86686,5766601562;692080,999755859;6819302,12451172;3823112,3359375;4286,39990234375;13363336,2265625;2506804,20898438;0
363;214575,515625;165737,9140625;2404189,0625;11929650,25;2777232,8125;49935,80078125;21355939,5;4307500,625;0
364;0;715,799987792969;33624,201171875;1201824,36250305;710671,956420898;0;4935407,64941406;930349,693359375;0
365;0;420129,5625;803993;6565288;1269661,5;21154,8984375;8569128;3731253,75;0
366;32955,5;382461,65625;1735056,25;14390407;3018506;35723,30078125;20384794;8056187,5;0
367;0;1551,5;9905,6005859375;340941,456237793;430117,15625;0;2424262,62109375;584067,0625;0
368;0;55677,900390625;85734,796875;808685,1796875;944220,921875;0;2714119,46875;887639,862487793;0
369;0;43113,599609375;1208936,5625;4577326,17501831;2317915,36230469;0;14375571,8671875;6133124,92480469;0
370;3645,59985351562;22754,501953125;311777,744140625;3789066,0859375;666053,451171875;5175,8994140625;5124800,6875;1436648,8359375;0
371;12851,7001953125;2528,80004882812;87547,890625;551546,71875;842411,5;0;3280945,53125;708848,2578125;0
372;0;47046,6953125;169449,890625;2917144,67871094;3422535,05664062;0;3940743,17285156;1173176,34747314;0
373;0;123176,59375;326004,625;3193606,49365234;5441133,671875;0;5645444,29980469;693220,0625;0
374;49959,6015625;26016,3999938965;61243,8994140625;2374459,640625;3230832,58752441;0;3230935,0703125;44444,005859375;0
375;770133,875;30335,6015625;197003,927734375;7813714,75;4180203,5;1185,59997558594;24352461;3831463,625;0
376;376333,771972656;113599,805664062;1060015,625;10171681,875;6377912;58293,6023406982;38413616;11525602,75;0
377;6181,7001953125;64845,4094238281;1043448,33691406;8513948;5031885,375;2317,5;31648010,5;6317725;0
378;0;74650,6015625;267581,82421875;10954526,5;4444520,125;54188;24933323;3456264,125;0
379;327333,15625;202422,203125;1421402,42498779;40052314,5;4924861,96875;12762,4990234375;34579117,625;5780830,4140625;0
380;28176,80078125;35089,8984375;1059078,875;23256647,7070312;4110456,5;3602,90014648438;30650236,390625;5073361,50195312;0
381;0;50453,1890563965;490950,944335938;9574143,375;5264704,0625;0;28575153,5;7638035;0
382;78974,890625;10563,701171875;424860,108581543;13338260,875;8821508,4375;0;43529234;5663219,484375;0
383;0;50212,5;915253,6875;19150369,8007812;10125122,9013672;2662,19995117188;66574377,3984375;14800017,1015625;0
384;267221,03125;38116,40625;2007502,25;22007616;6452839;47402,90234375;54018708;8159102;68159
385;739036,5625;293196,8125;4851186;13213818;4122352,75;106254,2890625;35615004;6716574;0
386;0;298388;867677,375;13999095;3786244,25;0;31520280;3144923,75;0
387;190494;150699,212463379;1034781,5234375;13228266;4102449,71875;10635,5;31179562,75;4627028,125;0
388;4705459;540492;8710226,70019531;37292981,2750244;6743274,73120117;229676,296875;59457627,8000488;18624219,3125;234030
389;20664,798828125;133423,921875;1225171,875;21167432;6137417;19303,900390625;53970676;11277430;0
