"zone","mass_building_arco","mass_building_dcmix","mass_building_high","mass_building_irh","mass_building_light","mass_building_mlr","mass_building_sdr","mass_building_sky","mass_building","mass_other_airport","mass_other_parking","mass_other_remaining_impervious","mass_other","mass_rail_bridge","mass_rail_other","mass_rail_railway","mass_rail_subway_elevated","mass_rail_subway_surface","mass_rail_subway","mass_rail","mass_rail_tram","mass_rail_tunnel","mass_street_bridge_motorway","mass_street_bridge_other","mass_street_cycleway","mass_street_footway","mass_street_gravel","mass_street_living_street","mass_street_motorway_elevated","mass_street_motorway_link","mass_street_motorway","mass_street_other_elevated","mass_street_other","mass_street_pedestrian","mass_street_primary_link","mass_street_primary","mass_street_residential","mass_street_secondary_link","mass_street_secondary","mass_street_tertiary_link","mass_street_tertiary","mass_street","mass_street_trunk_link","mass_street_trunk","mass_street_tunnel"
-9999,0,0,0,0,0,0,0,0,0,0,0,0,0,0,0,0,0,0,0,0,0,0,0,0,0,0,0,0,0,0,0,0,0,0,0,0,0,0,0,0,0,0,0,0,0
6,0,500090.125,78819.4921875,7263215.5,715725,0,7962670,0,16520517,0,848845.1875,7625788,8474637,19442.28515625,5046.57373046875,254501.609375,8776.25,365828.25,48147.4375,1186421.625,0,484679.875,0,360971.71875,5339.2548828125,10935.2587890625,2024.02880859375,0,0,0,0,27899.44140625,236493.53125,4511.65283203125,3803.67602539062,404536.78125,1465329,0,9081.8447265625,703.820922851562,119488.1171875,2822593.25,58891.359375,112583.5390625,0
7,0,905271,163401.0625,2912020.25,1642169.75,0,17519608,0,23142476,0,1035517.5,3520040.25,4555554,155184.46875,8961.01171875,130261.03125,0,0,0,379286.09375,0,84879.3203125,70263.09375,1336413.625,15231.583984375,72182.6640625,25564.173828125,759.006896972656,8026.89013671875,0,0,103291.390625,1760575.75,9468.380859375,2351.26879882812,687371.25,2353954.75,1605.05480957031,115543.828125,827.655883789062,379728.90625,7288210.5,5989.03173828125,308761.84375,30300.30859375
8,0,1125775.63085938,172272.08984375,18373630.375,3721981.40625,0,40927702.5,0,64321348.5,586575.3671875,2258401.171875,22096501.25,24941493.125,239423.373535156,32252.0233764648,897239.0078125,0,0,0,1390572.296875,0,221657.671875,17713.859375,4077743.03125,67300.7702636719,202682.708007812,90781.9809570312,5770.04235839844,2023.64111328125,11609.6999511719,196570.259765625,315168.12890625,2688297.1015625,13646.2281188965,697.571960449219,1324627.44921875,3759687.8125,0,407008.1484375,0,2352190,17453920,136520.9140625,1757678.4296875,26195.9571838379
9,0,1933764.78857422,513244.4375,27353305.1875,5495741.1015625,0,59859019.4375,0,95154931,430140.41015625,6227882.6875,24228302.46875,30886341.03125,276365.623046875,16620.70703125,1016477.87304688,0,0,0,1314010.33984375,0,4549.140625,314631.8125,3891871.46875,52099.5591430664,189856.870117188,148122.916992188,36861.5,35943.72265625,304031.103515625,2838969.546875,300802.125976562,4369072.34375,16302.09375,40922.47265625,3176542.203125,7695084.0859375,1031.70983886719,855262.51171875,5928.39794921875,2087333.01171875,27673592.75,125356.0859375,1146986.375,40546.9453125
10,0,482040.3125,88896.3515625,6751156,1527510.25,0,17125698,0,25975294,0,769136.5,8508873,9277998,37613.69140625,0,172576.25,0,0,0,210189.859375,0,0,0,511840.40625,7478.0830078125,32217.435546875,17326.908203125,0,0,0,0,39560.0546875,571156.3125,455.669036865234,6946.22021484375,996985.75,3009173.5,0,64943.34765625,548.635498046875,349272.5,5875638.5,89468.6953125,177091.1875,1182.12756347656
11,0,963359.875,244566.5625,9787426,1005398.5625,0,10998462,0,22999174,0,635926.4375,7721414.5,8357342,82906.8046875,3857.22534179688,141254.984375,0,0,0,356208.21875,86.1399993896484,128102.3125,353447.90625,537324.4375,4267.5107421875,27039.84375,21896.19140625,0,40378.08984375,100764.6171875,420976.25,41529.7265625,475627.09375,8155.681640625,0,326601.25,264835.84375,0,137439.53125,404.422760009766,228575.578125,3755115.75,9546.2373046875,754956.3125,1352.35388183594
12,0,790674.5,160149.28125,1468866,925988.8125,0,10427184,0,13772870,0,460099.71875,4405807,4865906,20413.49609375,631.283081054688,83137.828125,0,0,0,113500.5,0,9317.923828125,0,323139.25,4353.60888671875,9411.58984375,2378.3642578125,0,0,0,0,24975.376953125,115790.4140625,4743.4619140625,0,222203.0625,820574.5,0,45643.83984375,0,158381.671875,1815691.5,8061.85791015625,73565.921875,2468.28247070312
13,0,1330479.125,966605.6875,10876178,2087537.25,0,23277314,0,38538052,0,650841.5,10594352,11245196,198813.0625,8863.8037109375,575817.6875,96009.171875,1271085.875,362365.03125,2658205.75,0,145247.265625,0,533752.3125,10509.4287109375,21320.4140625,2521.38452148438,0,0,0,0,41253.66015625,346212.65625,9108.080078125,14600.4248046875,518394,2093823.25,343.385375976562,102004.140625,6672.974609375,265169.875,4046159.75,9224.69921875,47480.80078125,23765.48828125
14,0,1098311.75,112843.6015625,4084234.25,2056837.625,0,16319897,0,23672140,0,687073.875,5246933.5,5934010.5,42101.484375,1670.50073242188,158377,0,0,0,301748.625,0,99599.5859375,0,400518.78125,13008.220703125,30885.87109375,17588.44921875,1980.3056640625,0,3641.49389648438,0,30956.052734375,552115.0625,9987.6279296875,0,478317.96875,3854772.25,310.755981445312,123851.765625,2006.43835449219,269492.96875,6224555,83804.28125,344952.5,6350.3916015625
15,0,3833125.5,1827587.125,16057759,3195018.75,0,34957492,0,59870988,17377.505859375,3407134.25,15113568,18538080,172088.53125,20520.3984375,384049.46875,0,0,0,808742.5,0,232082.078125,373161.5,1337650.75,26341.38671875,56372.89453125,5570.44091796875,10349.25,43265.19140625,111342.671875,243378.0625,103387.09375,832644,15111.2568359375,13279.8984375,632579.75,3743562.25,0,187332.953125,0,299394.5,8802187,31662.1015625,703127.125,32669.296875
16,0,500323.65625,44411.7973632812,2881947.375,1910266,0,21192258,0,26529225,294037.0625,668418.53125,7658759,8621213.75,114750.984375,484.229858398438,396422.953125,0,0,0,624219.03125,20919.71484375,91641.734375,0,668284.3125,7028.89001464844,61728.14453125,12681.6450195312,0,0,0,13086.23828125,51651.673828125,832477.875,4245.40347290039,5596.19409179688,1065580.9375,4650688.5,0,183795.25,0,711792.96875,8728089.5,25357.78515625,425593.046875,8501.86141967773
17,0,1548480.87182617,440536.90625,16417178.625,4599211.9375,0,49798502.25,0,72804077.5,795831.765625,3763561.1875,17609533.25,22168906.5,222475.973632812,51155.421875,1042209,8187.2041015625,223443.5,0,1640132.00488281,0,92663.96875,385719.46875,4647019.46875,19222.5172729492,442929.42578125,152777.900878906,2753.88354492188,44138.43359375,235090.828125,622023.25,359167.9921875,4560081.25,9892.2568359375,16896.166015625,2026360,6373543.0390625,1761.98657226562,674883.776367188,6224.662109375,3255603.9375,26411736.125,81647.1760253906,2463617.515625,30375.970703125
18,0,1262806.53125,685526.625,30112545.5,6045795.5,0,61599879,0,99706574,1595227.0625,6236843.75,22019222.25,29851261,210178.701171875,52328.0888671875,1530769.75,0,0,0,1793280.65625,0,0,426516.3125,7777716.875,163503.03515625,465816.1171875,345184.1328125,19759.341796875,48786.09765625,163984.287109375,1961790.5,601138.2734375,6199740.875,15018.5354995728,78268.6103515625,2747130.375,10294047.75,846.810119628906,2416533.96875,1719.58044433594,6049106,44893829,419773.7890625,4689155.25,8279.62329101562
19,0,11777603,4458756.5,3532052.5,1307188.5,0,14546757,0,35622364,0,281669.4375,5793883,6075547.5,248186.125,22333.03125,366615.4375,25237.126953125,127644.5390625,5034378.5,7557757.5,0,1733358.25,0,320805.46875,6613.203125,32041.001953125,2499.02783203125,6250.87841796875,0,0,0,24795.0078125,393870.21875,25819.478515625,3140.80908203125,330210.78125,920989.3125,0,67880.03125,0,141452.296875,2489685,1801.23596191406,149542.28125,61976.58203125
20,0,3110740.25,921279.75,45798518,7433599.25,0,79316962,0,136580992,334386.203125,8414951,39193439,47942792,932159.5,49591.423828125,2506434,0,0,0,3845121.625,0,356944.953125,477283.828125,5537839.75,143407.04296875,794027.03125,331873.734375,16649.1398925781,54555.474609375,309258.2578125,2042556.875,428019.265625,8651510,25310.8291015625,44691.4677734375,3466005.75,15877115.5,7546.71142578125,1558713,4755.88549804688,6518146,53632802,383239.109375,6898073.75,62227.201171875
21,0,222502.224609375,42999.5390625,20164866,8608514.75,0,52390466.5,0,81429070,2633423.625,4555755.0625,27329878,34519043,693922.0078125,92937.0634765625,1228423.890625,0,0,0,2224446.03125,0,209159.125,1293476.46875,9252179.75,15684.3032226562,129232.671875,78137.720703125,793.446960449219,147767.480957031,0,105087.7734375,715099.3984375,4039896.5625,27436.8413085938,4643.53955078125,1568476.71875,2009785.375,0,1072802.0625,0,853037,24925388.5,189391.913818359,3328684.9375,93894.046875
22,0,1476390.125,857844.0625,3098826.25,1793906.25,0,20217222,0,27444188,130931.1015625,532461.75,8141171,8804562,105428.7890625,3114.57690429688,348102.8125,0,0,0,673711.4375,104093.3828125,112972.4453125,0,605747.5,7746.890625,16966.025390625,4065.20825195312,870.27490234375,0,0,357.482147216797,46818.19921875,321183.78125,2182.97265625,6245.1787109375,610568.375,3458323.5,0,118446.2109375,3451.701171875,365715.34375,5817655,15449.4228515625,221734.640625,11783.447265625
23,0,2863517.359375,1882394.42578125,30645938,7002639.84375,0,68369692.75,0,110764134.75,1047283.08398438,5361339.09375,34960601.5,41369218.5,780648.10546875,138388.165283203,2991937.88671875,0,0,0,4347813.27734375,0,436840.17578125,186350.953125,13885982.546875,51161.8602905273,330922.926147461,233186.860092163,0,21288.8312988281,211949.578125,4082012.25,1073249.63378906,9729467.26171875,27277.8881530762,4449.19055175781,3578901.8125,2150222.11914062,1311.39031982422,1862599.90808105,0,3283539.51953125,46847064.96875,95022.22265625,6033676.95410156,4392.78591918945
24,0,763406.75,106660.53125,5209879.5,900356.0625,0,9269588,0,16249895,366076.40625,736447.5625,5889669,6992189,50452.44140625,4184.55615234375,177293.40625,0,0,0,232505.09375,0,574.450500488281,0,872728.625,84.1502990722656,1910.91394042969,2348.04516601562,0,0,21116.91796875,10663.1376953125,67453.1328125,151092.640625,2332.654296875,0,255849.359375,109269.453125,0,67841.1484375,0,75083.1171875,1999140.75,1526.52416992188,359838.75,0
25,0,1474712.625,789375.4921875,37591621.625,7739869.203125,0,82288905,0,129884468.75,197808.49609375,6276006.6328125,43759198.5,50233037.75,702204.167907715,182742.221191406,2062168.07714844,0,0,0,4148406.0859375,11994.998046875,1189301.06640625,507304.34375,9784419.6875,89941.0048828125,532836.712036133,308425.866638184,5078.59033203125,57954.74609375,112377.515625,1563447.875,756240.41796875,5916745.4375,19811.00390625,879.773681640625,2707026.72033691,6878139.53613281,0,1158374.56640625,1034.56982421875,3309371.6953125,39093252.71875,371805.53125,4978940.97265625,33090.12890625
26,0,1367495.875,546407.5,10845655,1208287.375,0,13484803,0,27452622,0,2194754,7637481.5,9832241,42155.63671875,5952.27392578125,263232,0,0,0,311340.84375,0,0,31323.86328125,756207.75,27146.25,19757.787109375,6883.662109375,16233.2109375,3578.45556640625,0,0,58447.19140625,376999.90625,6641.6416015625,22908.818359375,253345.21875,1808361.375,0,18839.576171875,2666.36840820312,479223.625,4328639,40738.5078125,398298.25,1035.54370117188
27,0,1576696.07261276,316851.257568359,32421551.4453125,10005727.0039062,0,89606105.0625,0,133927078.1875,1419974.78125,6335851.4140625,32598384.609375,40354201.40625,497242.245361328,142981.112304688,1545661.796875,0,0,0,2603154.94750977,21315.349609375,395957.201416016,572369.02734375,14162340.0234375,118380.166992188,279235.603561401,249777.044311523,9187.5615234375,65427.2919921875,140950.673583984,1756586.140625,1094603.17431641,18519372.3544922,71121.4617919922,67820.65625,4913853.9375,7259415.59765625,3904.64892578125,1716318.94726562,28872.3417358398,2411052.28613281,59268437.953125,517366.7734375,5287273.26391602,23273.7390136719
28,0,405283.46673584,46895.892578125,14862584,5667473.4375,0,48119139.5,0,69101362.5,728500.279296875,3981029.09375,18845262.0078125,23554802.2578125,147403.868164062,87902.6381530762,643255.890625,0,0,0,1037817.36865234,70.7578582763672,159181.940917969,519492.80859375,8064050.625,27155.626953125,158677.192382812,108005.471679688,5837.59692382812,59347.1572265625,9399.517578125,38522.8115234375,623269.828125,3281710.90625,6967.49766540527,1254.58837890625,1507854.421875,3361093.3125,0,937817.421875,1290.0771484375,1244236.24609375,21651931.75,154249.203125,1522102.8125,19594.9456787109
29,0,960157.102111816,131558.54296875,23159733.1875,4598505.390625,0,46448723.625,0,75298674.625,158739.8828125,2785884.44921875,28312607.875,31257305.8125,294681.657958984,176868.436523438,598171.09375,0,0,0,1141301.05932617,11068.376953125,60511.6015625,55283.54296875,5080990.484375,77344.6965942383,225635.469238281,135609.811767578,18968.55078125,6315.623046875,90414.54296875,913524.546875,392708.599609375,2592344.0078125,14507.2297363281,11336.4127197266,1696971.90234375,2432277.28125,504.978515625,1396994.30859375,0,2426414.703125,21652068.375,134104.698730469,3920125.609375,29709.255859375
30,0,834069.25,392664.40625,10116099,2071130.375,0,23056158,0,36470092,0,562987.5,9401772,9964753,194325.328125,8663.220703125,340061.625,145083.765625,1150199.75,441231.5625,2366569,0,87003.90625,201169.34375,579154.9375,23391.833984375,36868.328125,2705.13598632812,604.026428222656,23140.857421875,0,0,44762.6953125,354265.25,3277.10791015625,1447.20153808594,300973.40625,2751545,0,96999.421875,4103.79345703125,209635.203125,5043567.5,58591.6640625,326572.96875,24361.28515625
31,0,481513.703125,85369.755859375,25634241,4628728,0,40919021,0,71748888,466575.15625,2497813.5625,22578461.5,25542831,106959.6328125,21058.7468261719,805745.78125,0,0,0,970733.796875,0,36971.8046875,45213.45703125,4587010.25,78074.9599609375,91598.234375,76825.697265625,0,5165.21142578125,40335.83203125,902671.966796875,354528.046875,6301004.25,7280.10791015625,14140.5830078125,2455598.453125,6628798.1875,324.740020751953,1960026.3125,0,2017577.78125,29836827,93284.9609375,4175555.125,1792.10537719727
32,0,345010.03125,53936.927734375,10255332.5,4200123.25,0,35621758,0,50476166,204458.70703125,2722303.375,13291065,16217841.5,147378.62890625,68984.61328125,1032154.875,0,0,0,1698480.75,0,449963.3125,3568.36157226562,3979236.875,53455.689453125,102943.046875,110020.7578125,984.192077636719,407.651611328125,10495.24609375,0,307555.453125,3554085.25,5887.9326171875,6163.62152099609,2048128.375,5789932.5,683.663208007812,881303.75,586.256225585938,2600351.3125,21748889,24716.265625,2203224.4375,65144.6839599609
33,0,1719289.875,391612.5859375,13338722.5,4392523.125,0,49059251,0,68901348,0,2447331.875,20476015,22923337,250540.16015625,1262.56640625,439762.984375,191575.15625,956296,1089438,3122258.90625,0,193387.115234375,162813.015625,1446431.375,39235.873046875,105599.96875,12957.5795898438,0,18637.7421875,70109.265625,672262.776367188,111794.36328125,863399.21875,0,48899.4482421875,1609328.96875,7723181,3443.17626953125,146538.552734375,3312.19067382812,858393.8125,15272264.5,66906.3984375,1221861.375,87165.357421875
34,0,1881594.77734375,134490.8125,39086463.1328125,11031905.0039062,0,106226522.4375,0,158360951.125,3329371,9704573.09570312,53297342.296875,66331370.390625,317759.326293945,109200.178222656,1655479.70898438,22621.54296875,806251.25,40035.18359375,3219409.13085938,3457.29052734375,264606.1875,752393.5,11986547.9755859,81674.5798339844,424567.029541016,251386.308044434,23174.212890625,85953.8359375,242913.953125,2151202,926436.217468262,9499567.00390625,32208.1079101562,58920.54296875,3535446.25,13256930.5546875,2234.33569335938,2231555.5,6553.84228515625,6560407.99804688,58054400.453125,717890.25,5043848.796875,182685.96875
35,0,1246296.85803223,168866.203125,26451386.3647041,6265634.07678223,0,60635939.6792297,0,94768073.5894775,2629281.53320312,4475105.1875,21450001.7580261,28554322.8205261,316188.944335938,166530.25,1025032.40234375,0,0,0,1857243.046875,0,349502.734375,771751.5,6816541.08203125,63108.1506500244,307006.919921875,193786.043457031,4984.54241943359,88165.2421875,224014.984375,3020597,526849.79498291,10293498.6601562,67796.6356201172,6663.37451171875,3334580.46875,7110028.984375,3491.34399414062,1604902.296875,3094.30419921875,1795274.375,42424015.9140625,147695.11328125,6024290.625,15977.641204834
36,0,1056139.171875,495496.9375,4936320.3125,1366208.51171875,0,15345943.75,0,23200121.375,0,593275.677734375,7013876.15625,7607153.78125,42856.0620117188,0,168049.243652344,0,0,0,740882.84375,0,529976.828125,11979.837890625,538337.296386719,6820.84848022461,26053.8510742188,12066.083984375,0,1368.58325195312,0,0,41608.0447998047,491052.490234375,3237.36962890625,26634.408203125,495848.921875,2741843.9921875,490.994476318359,88677.306640625,1694.5,249295.228515625,5342202.1875,29136.625,539154.297363281,36901.2865905762
37,0,3086872.40625,338167.953125,2057638.875,1063254.046875,0,11833243,0,18379174.75,0,196060.375,4939225.375,5135286.5,394362.44921875,726.037109375,168588.04296875,0,0,171243.21875,1334067.15625,0,599147.4375,13519.9677734375,350281.921875,15060.5668945312,14519.4272460938,1689.29400634766,707.3466796875,1544.52856445312,0,3365.41723632812,27073.244140625,218134.56640625,3169.81390380859,8919.20294189453,147396.2421875,873013.203125,752.029479980469,47146.3549804688,818.250701904297,95279.193359375,2028659.6875,2233.59503173828,166439.0234375,37596.3828125
38,0,737625.8671875,151431.712890625,12145154,2255056.4375,0,24579472,0,39868748,0,1973076.125,16818883.5,18791971.5,41180.8125,17971.265625,258125.375,0,0,465554.1875,847527.328125,5079.798828125,59616.1398620605,315077.341796875,1433540.375,13968.5551757812,28184.0888671875,20501.5283203125,0,35994.6086425781,90484.79296875,53091.3203125,110798.265625,582042.96875,278.170043945312,0,667594.46875,3009284.8125,0,194727.40234375,3616.29174804688,399391.15625,7200386.5,24101.28515625,143612.1796875,74095.759765625
39,0,2825080,1996729.625,4127195.5,1210442.75,0,13460900,0,23620332,5969.49853515625,160414.78125,4546867,4713249,293027.90625,814.02294921875,121194.6171875,296311.9375,394450.96875,1331364,2467689,0,30526.1328125,0,366903.65625,3811.30908203125,13474.5615234375,1383.65295410156,0,0,3060.85229492188,0,28357.9296875,125125.1328125,3706.28442382812,404.314086914062,278207.15625,1298378.375,0,26972.07421875,271.182678222656,46063.453125,2383000.25,31509.14453125,151285.234375,4085.43286132812
40,0,1035327.15625,335597.82421875,44041460.5,10319571.25,0,106121348,0,161853022,2709974.453125,10746866.5,41856016.5,55312803.5,417350.23828125,108453.331054688,2222666.203125,0,0,0,2942934.03125,0,194459.958007812,874831.69140625,11553409.625,82208.9775390625,865498.3671875,990705.0078125,71108.2062072754,100137.182128906,573145.796875,3044484.59375,892961.59375,13095755,41465.87890625,104732.947753906,5091453.53125,17695884.75,2793.69641113281,1575679.703125,9756.30709838867,4664250.125,66686556,562474.203125,4728617.0234375,65267.5827636719
41,0,1104648.1953125,175043.9375,3258836.625,1427726.78125,0,15932727.875,0,21898995.25,0,268260.89453125,5770990.375,6039247.125,100366.953125,2536.82373046875,246952.51953125,0,204855.231445312,2360220.875,2969876.9375,0,54944.51953125,0,345490.53125,15922.7211914062,11909.9965209961,1152.73776245117,904.714965820312,0,1211.22973632812,2936.1396484375,26702.9111328125,157449.09765625,5220.32495117188,865.891662597656,271494.16015625,1770243.734375,315.417327880859,74517.7592773438,257.074920654297,115973.6953125,2892583.3125,0,89202.8084716797,813.303771972656
42,0,863133.0625,193950.375,2276241,1835066.5,0,20590498,0,25758892,0,493002.28125,6871245.5,7364246.5,71187.3046875,1297.6376953125,141759.296875,60806.88671875,689921.8125,13843.4267578125,992957.9375,0,14141.619140625,16353.8056640625,311747.53125,9609.4951171875,25722.716796875,2552.31567382812,1279.58215332031,1868.26794433594,7682.56884765625,46052.37109375,24094.951171875,257963.84375,2681.029296875,968.271606445312,780572.4375,2773547.5,0,1334.69714355469,0,294000.9375,4634189,0,74638.1171875,1517.85180664062
43,0,457431.71875,172869.15625,6853561.93969727,918734.735443115,0,9137168.06420898,0,17539757.6137695,0,689852.75,7087390.58276367,7777251.08276367,17716.486328125,2352.85205078125,159552.426513672,0,0,0,179621.942138672,0,0,0,652521.375,18392.3068237305,18126.220703125,6121.08700561523,0,0,0,0,50433.30078125,388620.673583984,4803.0693359375,1048.09326171875,128149.765625,1165851.375,0,43611.49609375,0,243200.59375,3405429.87890625,15116.9619140625,669429.5625,0
44,0,868238.5,42222.3359375,5199114.5,1390583.125,0,15316592,0,22816762,56866.515625,1208649.875,10006653,11272162,106584.1484375,1394.23742675781,261719.078125,2394.01416015625,323891.28125,0,724946.1875,0,28963.291015625,79873.46875,537621.125,13106.0390625,19206.900390625,2708.80981445312,0,9124.79296875,33176.1484375,270883.34375,41552.62109375,347176.9375,3437.38647460938,5471.25439453125,355277.875,3276472.75,0,151984.5,0,410972.71875,6187315,136486.546875,470275.03125,22502.984375
45,0,600503.8125,14890.5126953125,10558941,2741773,0,26436722,0,40352932,195361.5,1271067.625,8180836,9647274,90781.203125,24552.955078125,500519.1875,0,0,0,827162.125,0,211309.140625,49890.72265625,3284071.5,20769.533203125,138395,57652.05078125,0,5699.54296875,2260.12963867188,18997.41015625,253826.375,4627962.5,5821.701171875,5667.3388671875,1262462,1607820.25,0,1260082.375,0,2748544.25,17732688,4858.96630859375,2370887,6979.28369140625
46,0,1833072.4375,578498.96875,34577969,8050490.75,0,88410632,0,133450576,376784.3125,6931724.25,30878645,38187162,494299.65625,14749.630859375,1657151.4375,20821.9765625,263272.34375,27091.587890625,3352619.125,0,875230.3125,967253.3125,5585094.25,157294.33203125,705843.03125,447027.890625,9072.3193359375,111043.6171875,492828.2578125,3851702,431672.453125,8204247.5,35102.421875,48956.7236328125,4391988.75,15825017,5968.06884765625,1653746.0625,7640.14245605469,4508902.5,53065722,273644.4765625,5073605.25,278126.140625
47,0,1040957.0625,636353.3125,15016793,2121805.5,0,23512554,0,42328492,4292838,2452269.25,13250517,19995636,201968.734375,40061.9765625,280516.59375,27912.15625,946377.5625,1764289.625,4100137.75,0,839009.875,50293.51953125,993877.75,6571.89599609375,18511.4921875,10330.5361328125,8261.6494140625,5745.5595703125,36332.22265625,50765.44921875,76816.609375,498103.28125,0,17140.837890625,448818.28125,3486185.25,3152.61962890625,76334.140625,2354.42993164062,462125.0625,6603610,73600.9296875,259121.8125,19159.93359375
48,0,689719.875,706468.4375,7817729,1728592.375,0,19032206,0,29974726,0,939342.0625,8424755,9364104,100258.5859375,2909.6875,156290.546875,79661.765625,224881.375,291888.59375,866526.25,0,10635.78125,326933.9375,614914.875,9826.873046875,62798.69921875,10590.2431640625,4740.8125,37479.03515625,20228.78515625,0,47526.65234375,506077.6875,11097.662109375,1148.73791503906,399168.34375,2670536,539.16162109375,71017.0625,0,187946.75,5200219.5,14225.7060546875,197638.984375,5782.9697265625
49,0,327629.1875,2417.50561523438,3650477.12792969,1345702.81152344,0,12352854.9296875,0,17679063.7421875,141048.34375,1947895.22558594,4063718.28857422,6152664.39257812,12726.8427734375,4448.513671875,112244.0859375,0,0,0,194421.015625,0,65001.5234375,6297.94482421875,1137214.73120117,7284.84521484375,151882.233093262,165236.203125,1153.74328613281,719.480712890625,0,0,87894.9125061035,1223236.22509766,6734.36376953125,9424.1630859375,1199421,2094265.5,0,493836.625,852.736328125,623778.5,7245021.4140625,195.107879638672,35396.07421875,193.868911743164
50,0,5271600.5,3771585,1793730.625,944144.875,0,10515368,0,22296426,0,150608.1875,3701158.25,3851766.75,50564.37109375,5122.25390625,161241.921875,0,6007.8310546875,1955952.75,3137070.25,0,958183.1875,0,222286.21875,2642.94287109375,22315.0234375,1185.81323242188,1699.48669433594,0,0,6521.4306640625,17180.470703125,328079.8125,14064.8095703125,1776.89990234375,175620.875,828746.1875,0,33233.79296875,0,112268.109375,1825836.25,426.115661621094,53117.0078125,4671.7685546875
51,0,4999064,990294.8125,1267436.875,836717.1875,0,9272070,0,17365596,0,109899.5234375,2672764.75,2782665.75,163838.6875,774.644653320312,55307.95703125,41530.4765625,125267.40625,1344224.875,1763087.25,0,32143.88671875,0,320632.78125,1507.30297851562,14000.130859375,689.376220703125,6333.00390625,0,0,0,24781.669921875,93677.3203125,6428.37744140625,1232.03015136719,217881.984375,783050.9375,0,33171.66796875,0,44343.890625,1682486.125,8800.1455078125,121048.171875,4908.1953125
52,0,3072937.74555206,731662.625,47088236.8164062,11262864.203125,0,111583506.34375,0,173739231.21875,1527745.2265625,8818049.78125,55901957.25,66247678.6875,948047.08203125,257117.612304688,4371260.265625,0,0,0,9136324.171875,0,3559899.06640625,823438.4296875,10996042.5976562,239216.787830353,657646.833374023,343558.433837891,11428.8154296875,94130.697265625,581902.28125,5877905.5,849881.989746094,15434240.1953125,61347.0673828125,74499.642578125,6613094.76953125,17906810.8212891,16560.1918945312,2008758.65820312,11364.5942382812,6659443.64648438,79287615,885942.46875,8706076.47076416,434426.785644531
53,0,2075941.25,359395.46875,13379962,1318293.375,0,14659882,0,31793462,0,1180240,8974305,10154547,54633.35546875,948.770568847656,166625.328125,0,0,0,222207.4375,0,0,15121.7021484375,447469.15625,31144.181640625,21994.78515625,3260.0673828125,0,1727.51171875,0,4220.9814453125,34584.8203125,599246.625,9698.8642578125,0,437842.0625,2964502.5,0,114146.8984375,0,496444.65625,6109549.5,85835,841165.1875,1144.29943847656
54,0,61523.65234375,51340.9140625,2154482,965275.625,0,10788503,0,14021127,4775.8974609375,284522.375,4342801.5,4632097.5,54200.08984375,962.306945800781,129129.2890625,0,0,0,184291.625,0,0,0,289917.9375,7475.3447265625,20591.087890625,7342.11669921875,72.8540649414062,0,0,0,22407.71484375,232107.40625,2229.33422851562,4853.50439453125,152579.140625,1792875.25,0,34086.81640625,788.467590332031,154652.359375,2878873.25,20492.572265625,134555.125,1844.11877441406
55,0,2123755.25,659209.1875,2230821.75,1579716.75,0,17677180,0,24270688,0,164617.359375,5674574.5,5839194.5,494859.375,1668.03955078125,185337.953125,0,20533.552734375,2446743.25,3455188.5,0,306047.0625,0,139683.5,3401.4638671875,25346.771484375,918.760070800781,2267.74829101562,0,0,2985.49926757812,10796.107421875,328613.90625,10803.59765625,2804.169921875,585563.9375,2064525.5,0,28800.880859375,131.672515869141,117071.0078125,3501759.25,0,177476.578125,567.421203613281
56,0,6170130,1167670.828125,66286267,12191638.5,0,126983918,0,212799402,736783.65625,6878427.4375,77412494,85027740,701222.51953125,77633.619140625,1912768.25,0,0,0,3062867.734375,119453.4453125,251786.665039062,1276516.25,9125192.3125,80798.0388183594,204334.318359375,122586.498535156,3595.01684570312,146006.921875,684488.875,7322412.71875,705281.4921875,5150354.03125,36808.5278320312,25541.193359375,4664111.90625,9309469.5,2189.27612304688,2037685.640625,4182.169921875,7235055.5625,52638794.75,108623.569580078,4372984.65625,20772.35546875
57,0,1256183.375,292360.581542969,36850016.953125,6219249.66015625,0,67482385.25,0,112100237.78125,1741542.28125,6071116.81787109,34333189.640625,42145753.2734375,182259.255340576,159607.71875,941175.671142578,0,0,0,1535294.69116211,0,252243.15625,422431.50390625,5745596.59765625,61116.4221801758,176486.416259766,63619.443939209,2670.43237304688,48258.7956542969,253563.48828125,3286088.8125,444076.239746094,4743501.50976562,6951.6005859375,2340.857421875,1988075.1796875,5416327.60351562,2978.59619140625,1095688.16308594,5158.7412109375,4630492.2109375,33559930.84375,286530.686523438,4853558.88378906,24337.6535644531
58,0,5289304.5,1064653,7587540.5,2125703.5,0,23883002,0,39950212,0,1440737.75,9243145,10683876,63341.77734375,3751.39721679688,150614.984375,0,0,0,237961.90625,0,20253.6015625,26329.107421875,683435,16650.07421875,25067.833984375,1417.03454589844,0,3007.85180664062,0,2164.33740234375,52822.66796875,439013.4375,20485.23828125,32870.90234375,562989.3125,2414438.25,0,162994.625,0,311419.65625,5133860.5,3438.58154296875,352063.9375,23254.810546875
59,0,1098306.30078125,181747.9375,2202377.046875,1333046.3828125,0,14980706.625,0,19796187,0,348587.11328125,5401888.90625,5750475.84375,266223.772827148,1970.76000976562,375745.53515625,0,0,0,819079.71875,0,175139.8125,0,208230.904296875,10451.7798461914,13893.7646484375,1232.36367797852,602.701782226562,0,0,0,16094.1323852539,207219.74609375,5229.59707641602,0,283321.111328125,2196004.53125,0,75167.2265625,1564.39501953125,166120.447265625,3374658.34375,866.278991699219,183812.921875,4846.72302246094
60,0,1996144.875,583602.28125,41497608,8471534,0,80217728,0,132766476,5353620.4375,4521483.625,33059431,42934554,219266.3671875,27398.0617675781,2193765.9375,0,0,0,2652990.625,0,212559.421875,438984.15625,10452429.25,29178.7353515625,190005.41015625,92784.83984375,210.614471435547,50149.833984375,2147.74755859375,73209.05078125,807871.90625,12076884.5,43421.0087890625,4511.65966796875,1194768.15625,2302465.5625,1567.76379394531,1672490.0625,9325.23608398438,4359109.75,37384370,197330.5078125,3377532.125,7924.98291015625
61,0,3942535.25,4810510.5,264985.34375,19924.4296875,0,221142.203125,0,9259095,0,21260.408203125,828853.125,850113.625,137251.328125,1585.59094238281,28194.1875,0,7729.53271484375,1119060.875,1438198.75,0,144377.1875,0,74854.5703125,551.262329101562,5105.50927734375,181.914520263672,1670.34509277344,0,0,0,5785.49853515625,54101.765625,10082.9990234375,0,64440.97265625,64836.21484375,0,0,316.641082763672,25705.92578125,362002.28125,0,21122.43359375,33246.1484375
62,0,1473768.75,339712.875,5171944,1126504.125,0,12633519,0,20745460,472716.625,1203608.375,6235156,7911476,81653.9765625,0,115813.1171875,0,0,0,197467.375,0,0,37157.40234375,560388.5,6336.205078125,26363.169921875,11975.431640625,0,4244.88232421875,57858.0859375,140294.5,43312.30078125,413809.53125,1423.96569824219,0,274985.28125,1144284.5,0,46736.14453125,0,238531.203125,3232401.25,43925.8125,169873.015625,10903.9443359375
63,0,10981568.75,7776840.96875,111873144,17973381.5,0,200009440,0,348614432,2261716.6015625,15968883.5,160776780,179007444,2079415.84375,147691.359375,2790276.9375,0,0,0,6299742.5,160547.6875,1121799.953125,1154410.21875,9881503.25,98410.5166015625,311719.625,178905.6484375,12152.0556640625,132108.90625,978236.34375,4143973.375,763740.0625,4321907.25,37245.6511230469,55840.46875,5101536,22985249,1890.95031738281,1441555.3125,6281.09204101562,2242187.125,58203842,141685.82421875,4070527.75,142687.463867188
64,0,627605,124120.28125,7742011.72265625,1412448.07617188,0,14853969.5625,0,24760150.96875,185498.7421875,1145919.8671875,8527055.3046875,9858482.359375,158780.40625,8766.583984375,256467.546875,0,0,0,549325.3125,0,125310.453125,335179.51953125,1009797.83984375,31310.5234375,29093.0091552734,4327.05372619629,0,38291.1025390625,35809.3203125,346030.703125,78047.0867919922,763632.09375,6195.2431640625,16807.66796875,1042777.78613281,2280760.08984375,0,128621.734375,1056.51525878906,526104.005859375,6761349.5625,3209.134765625,7881.2197265625,76412.71875
65,0,7736432.11132812,4385323.58007812,49384040.5,7392160.9375,0,81600746,0,150498667,825940.21875,5244367.4375,56308825.75,62379104.5,397142.50390625,43481.5844726562,1193783.0859375,0,0,457926.875,2872154.765625,0,779820.729736328,238393.110351562,2424814.234375,46635.6400146484,148610.48828125,78343.9150390625,1843.8701171875,27234.1591796875,341721.201171875,1773443.26489258,187413.501953125,3115182.046875,35229.5720214844,5797.48291015625,1904496.125,14953781,2330.669921875,1003416.15234375,1348.07580566406,2250024.625,34362455.25,182817.673461914,5498015.40625,141538.460571289
66,0,519210.40625,199372.1875,4596316.5,1283484.875,0,14406696,0,21005074,0,423351,6100299,6523649,53384.14453125,384.553558349609,169221.953125,0,201263.859375,844255.8125,1362500.25,49360.703125,44629.73828125,0,204853.875,11432.361328125,25641.67578125,3699.84741210938,3866.56396484375,0,0,0,15833.1318359375,245417.453125,998.762939453125,1591.22766113281,316653.5,2204762.5,0,110877.796875,0,227171.203125,3576212,1109.77368164062,202223.515625,80.3846740722656
67,0,1057138.875,136194.078125,3309671.5,728175.125,0,7987668,0,13218847,0,527500.6875,5338176.5,5865676.5,3307.173828125,0,66377.890625,0,0,0,69685.046875,0,0,47350.68359375,858564.625,7986.48486328125,5866.751953125,484.186676025391,0,5409.369140625,0,0,66358.34375,197617.078125,14925.8115234375,1424.64331054688,209038.328125,529996,1640.79150390625,64601.5234375,0,77762.046875,2364474.5,113609.03125,158484.078125,3352.51318359375
68,0,874882.01171875,522523.002929688,19119894.3125,1916361.59375,0,21175556.25,0,43609223.5,133075.984375,3040032.578125,10084637.75,13257756.5,112043.19140625,27858.9052734375,332013.9140625,0,0,0,578552.484375,0,106636.6015625,77641.482421875,2311194.21875,214534.61328125,85491.1790771484,18110.9136962891,0,8869.80676269531,15549.3173828125,224068.078125,178631.8515625,1425642.99609375,1845.19458007812,902.331970214844,522053.375,2926574.4140625,480.118041992188,146659.75390625,17045.322265625,1277190.2734375,10674684.8125,71337.6860351562,1133684.28125,17178.677734375
69,0,2053072.375,1180611.25,7227223.5,1443344,0,16080404,0,27984660,148256.25,996392.875,8600878,9745531,367731.78125,640.512390136719,317891.28125,15158.4892578125,528677.25,636243.8125,2754100.75,0,887753.625,0,771474.4375,11588.587890625,31675.560546875,3040.48461914062,21846.94921875,0,0,0,59627.1796875,280699.375,5524.9873046875,18870.88671875,453016.0625,2264994,0,102840.1171875,2559.7763671875,138293.921875,4490169,31443.583984375,288465.15625,4208.37353515625
70,0,1834299.9375,458203.106445312,36698816.375,9591313.640625,0,84325965.5,0,132908604.75,3006429.87402344,6639460.53125,28883271.8125,38529161.9375,250045.592773438,295046.754394531,1486188.41015625,0,0,0,2038718.0703125,0,7442.51318359375,263191.428710938,15738759.28125,41529.6755828857,174956.823242188,235783.259765625,908.688873291016,30094.7585449219,23328.6669921875,43678.630859375,1216448.96484375,6776153.90625,39053.7421264649,4995.79565429688,1623320.85437012,5272177.2734375,1662.54467773438,957251.390625,500.042083740234,5823026.9140625,43683160,290523.265625,5113044.375,12724.4208984375
71,0,1566080.375,303881,9222745,1272180.375,0,13994512,0,26359412,0,978341.25,12376634,13354966,14293.77734375,28277.8984375,260904.875,0,0,0,304465.21875,0,988.392761230469,0,986417.5625,164.404754638672,15169.6328125,3899.830078125,3334.06665039062,0,0,0,76239.8203125,159348.984375,0,1436.7900390625,127846.9453125,89557.7890625,0,71680.546875,0,63042.984375,1871931.75,1521.84155273438,271943.59375,330.995727539062
72,0,3311884.25,687402.5,14130471,1804282,0,18217840,0,38151776,776604.8125,1110567.625,21724876,23612042,98637.53125,1742.4892578125,1099598.5,0,0,0,1262031.75,0,62053.33203125,61008.0859375,1947594.25,832.931884765625,22831.953125,26765.93359375,2360.47143554688,6969.59765625,45088.640625,1369965.125,150529.546875,869082.5,4354.02392578125,2457.119140625,588019.375,975079,0,303050.5,811.980529785156,401978.71875,7014890,0,236089.75,0
73,0,130709.517412186,118244.8984375,6299515.6796875,1874123.28613281,0,19042382.65625,0,27464941.71875,543912.25,3614593.18847656,7784678.0859375,11943191.2734375,14456.2475585938,13203.4140625,220874.064453125,0,0,0,266700.668945312,0,18167,245458.796875,1578834.9230957,34579.89453125,76679.0497436523,79651.2980957031,0,28041.33984375,85071.75,1198496.75,122028.048126221,1403777.99023438,0,18185.45703125,424107.25,2471102.20703125,0,268503.9375,264.912567138672,282457.859375,8829014.5703125,10317.3046875,499475.3125,1962.33154296875
74,0,2974170.8125,677374.703125,35696665.25,8993035.5,0,77234989,0,125576217,2840719.17675781,5053020.46875,30359178.5,38252941.5,668655.875,349657.609375,3023633.875,0,0,0,4398081.5625,0,356146.48828125,241705.609375,13852722.5,33235.0979003906,456850.201171875,672817.244873047,7714.58203125,27612.572265625,260703.21875,2436778.71875,1070676.91796875,8004895.578125,26423.5131835938,33783.6578369141,2697118.0625,5355825.765625,0,1869066.61328125,1045.54251098633,5908617.34375,50251904.75,112421.174194336,7146276.96875,35586.7861328125
75,0,2418345.56542969,494500.963134766,46888989.75,6256701.90625,0,66892893.25,0,122951310,1214178.71875,4395460.921875,31865049.5625,37474594.625,278127.589111328,63073.5703125,983139.875,0,0,0,1805631.52661133,0,481286.59375,101359.4765625,5619678.875,22735.0097045898,212662.458251953,440096.112304688,8500.08203125,11579.3642578125,79268.421875,695367.5625,434343.77734375,6594636.78125,20940.908203125,0,3266250.1875,3860531.8515625,0,673671.19921875,6172.931640625,2549222.7734375,32912362,522639.107421875,7762206.1875,30442.173828125
76,0,502864.777839661,191906.9609375,13170959.1875,3610590.234375,0,38188954,0,55665354,861127.2734375,2976019.359375,20873451.46875,24710627.375,277405.421875,74968.3447265625,1271776.84375,0,0,0,1654063.90625,0,29913.6650390625,172878.38671875,7898152.625,99915.7548828125,143031.826171875,182858.2578125,3416.19287109375,19749.7216796875,0,30759.9152832031,610450.2578125,5877574.4375,14655.5869750977,43676.33203125,2752727.75,3008781.8125,534.500366210938,2784230.703125,0,5795622.46875,35118700,251145.88861084,5404078.625,24342.3918457031
77,0,1471259.5,1038170.046875,35123267,6717727.82949066,0,72449750.7362976,0,116800214.565765,814130.875,5947812.34375,39215639.4655399,45977534.3405399,431485.2109375,86674.3255004883,1725357.1484375,0,0,0,2464019.0625,47378.2421875,173125.0234375,260722.609375,7736056.34375,18091.9319458008,402035.046875,256045.118164062,4719.61865234375,29785.09765625,65201.935546875,1094120.96875,597921.287109375,3065985.546875,27597.119140625,9908.298828125,1755539.5,5677737.359375,6159.1826171875,854347.521484375,9795.4951171875,3060701.4375,29152646.25,262644.665039062,3942617.28125,14871.1631469727
78,0,3662423,1462068.25,10302080,1836464,0,20491316,0,37754352,0,2564001.25,9213526,11777522,86773.6015625,19620.814453125,157409.5,0,0,0,466200.09375,168432.1875,33964.37890625,86607.4140625,981137.3125,27201.189453125,57227.30078125,24493.841796875,11746.7236328125,9894.080078125,722.679626464844,6448.14013671875,75831.8046875,692983.9375,26790.427734375,2332.18090820312,573935.5,3493273.5,0,92234.015625,1921.79174804688,361173.03125,7370530.5,87842.25,736335.3125,20408.251953125
79,0,2302688.46875,953264.546875,29538947.515625,6334805.4296875,0,63232242.3125,0,102362051.625,3389267.6875,5452650.7578125,20673134.546875,29515083.0625,421365.015625,79147.3203125,1751023.77929688,0,0,0,2370542.81054688,0,119004.197265625,340790.40625,6705622,172184.365234375,704408.299560547,376091.697753906,8440.47399902344,38932.0810546875,123657.82421875,55655.0234375,518279.333984375,7937685.6875,47890.2873535156,24213.732421875,4884722.125,9359374.23535156,13687.2478027344,1860913.29296875,13429.0288085938,3435165.87109375,42156793.78125,304931.235839844,5197101.02929688,33577.16796875
80,0,865722,498496.8125,11575474,1528737,0,17034198,0,31502626,309118.78125,1698846.875,6721200.5,8729175,65674.1171875,6157.16357421875,417136.59375,0,0,0,536009.375,0,47041.5859375,7610.609375,1271691.375,57806.9921875,30719.126953125,5601.98388671875,7394.025390625,869.440246582031,31963.353515625,27265.86328125,98288.859375,728774.6875,6677.40576171875,4617.51025390625,664821,2680174.5,1493.18249511719,117134.5625,1089.43347167969,1060428.25,8699279,303875.03125,1582216.75,8766.658203125
81,0,1185832.5,472634.4375,10604644,1535306.75,0,17065302,0,30863696,59225.27734375,1409455.375,9575543,11044214,94749.0859375,20591.7578125,188889.078125,0,0,0,358300.46875,0,54070.15234375,0,888713.8125,12970.8466796875,16636.841796875,4666.99658203125,4852.080078125,0,0,0,68688.5234375,627932,3671.84448242188,1034.21118164062,343825.6875,2076812.375,135.178863525391,216658.96875,446.746063232422,292783.21875,5287566.5,126212.9921875,596184.0625,5338.48828125
82,0,449429.34375,131892.171875,5461708.24316406,926962.587890625,0,10393296.21875,0,17363280.65625,0,836950.817382812,6197340.125,7034293.859375,16561.14453125,4351.30078125,72755.078125,0,0,0,93667.5234375,0,0,7492.13818359375,803811.087890625,10269.4488525391,6405.93896484375,2300.88130187988,0,855.905944824219,10011.376953125,0,62126.4224853516,98553.8670654297,2869.12524414062,2804.17041015625,29682.7159729004,358726.078857422,1398.40197753906,55842.83984375,978.138671875,116124.233642578,2091077.18359375,47509.53515625,470616.251953125,2699.97906494141
83,0,853434.5,372796.125,8040143.5,1356929.625,0,14746516,0,25369834,0,1631527.375,7847570.5,9479095,54734.44140625,6923.8095703125,117048.2890625,0,0,0,180909.953125,416.548431396484,1786.7099609375,40649.94140625,568365.5,14724.75390625,27217.15234375,7467.68603515625,0,4643.8720703125,53726.4765625,205624.046875,43928.93359375,570667.125,6007.14892578125,8256.337890625,705281.1875,2525715,4955.0048828125,68036.921875,970.301086425781,189541.03125,5352214.5,31485.728515625,259282.625,15665.556640625
84,0,849907.4375,119748.5,2428023.25,1654670.75,0,18529724,0,23582058,0,478341.09375,8398637,8876977,17023.28125,4541.42431640625,85370.890625,12213.2568359375,319158.0625,1106007.75,1583655,0,39341.41015625,138734.828125,441278.40625,5862.08203125,14671.380859375,3544.8828125,0,15875.6767578125,14153.90625,143317.46875,34106.3359375,208274.6875,2087.59985351562,2231.53637695312,372742.4375,2585622.5,1354.89624023438,43894.3203125,623.876892089844,178220.296875,4625924.5,25189.2109375,335458.6875,58680.80859375
85,0,1473977.5,1225786.75,10242695,1524891.375,0,15806479,0,30273790,17192.03515625,677537.9375,21986032,22680774,109988.78125,57358.20703125,529067.9375,0,0,0,750151.4375,0,53736.45703125,0,1753460.125,6095.83251953125,7594.17529296875,8066.7177734375,2663.8095703125,0,0,0,135524.875,305864.46875,838.484069824219,0,598289.3125,713414.3125,0,28908.072265625,0,165996.84375,4255987,4592.05908203125,523881.4375,813.3037109375
86,0,1183095.25,294390.125,2699138.75,1447042,0,16149741,0,21773390,0,681516.875,5613906,6295426,43292.921875,219.657012939453,177896.171875,0,0,0,238540.84375,0,17132.140625,0,693469.125,15465.732421875,54062.2890625,17585.98046875,0,0,0,0,53598.109375,392766.90625,20925.005859375,980.418395996094,329653.34375,1521152,0,47407.375,191.238677978516,102903.7109375,3441667,3174.79565429688,182291.625,6038.3095703125
87,0,2170.49572753906,7625.11767578125,2067506.1875,578941.28125,0,5832828.75,0,8489067.25,976672.7109375,382990.015625,1482678.375,2842341.625,111086.438476562,7064.09716796875,270367.3125,0,0,0,601014.109375,0,212495.700195312,67689.8671875,862433.34375,25561.44140625,15833.1162109375,11801.4765625,0,7732.927734375,0,0,66657.392578125,1062320.25,539.120056152344,0,107214.7265625,601848.84375,0,180765.359375,0,536460.46875,4307924.25,49583.92578125,711479.0625,0
88,0,593237.2578125,215780.2265625,14064374.4375,4483118.859375,0,42384459.46875,0,61740869.5625,1424747.609375,2135295.56304932,17561319.1953125,21121354.8203125,228509.16796875,143243.6796875,1077885.39648438,0,0,0,1470417.06835938,0,20777.365234375,430141.4453125,5866904.7890625,9561.18920898438,88691.2078857422,73638.888671875,986.841430664062,49139.626953125,25724.59375,122949.919921875,453454.205078125,7590062.10253906,11582.4675292969,680.219421386719,1597614.375,1577520.37109375,0,1645821.25,786.900039672852,1615402.3125,23785753.46875,25843.2104492188,2564326.07519531,34886.951171875
89,0,421932.515625,230526.84375,23002398,6575755.5,0,61059106,0,91289796,1216349.21875,4499506.625,21679496,27395362,218497.390625,60634.5185546875,1376461.3125,0,0,0,1783712.9375,0,128119.37109375,675733.234375,8471715,29218.8779296875,110292.75390625,262598.8828125,0,77395.333984375,136325.775390625,2877266.9375,654780.40625,9295023.25,12774.6259765625,18515.158203125,3291165.75,4114657.125,854.578979492188,1117788.65625,17799.3022460938,1871775.125,35144925,33939.4052734375,2064845.5,10416.9047851562
90,0,142287.79296875,422106.59375,15400700.0625,3146190,0,33084906.25,0,52196304.5,109721.544921875,3316161.375,13693104.625,17118986.375,106150.901367188,23227.693359375,556383.23828125,0,0,0,1329943.953125,0,644182.328125,287724.671875,2499006.3125,50861.0397949219,159115.1171875,39865,11538.76171875,33082.58203125,241999.3125,2556621.1875,193148.1875,3080658.1875,8943.82885742188,4397.1328125,1270142.125,5004195.75,330.955139160156,924331.0625,4581.89013671875,1009908.03125,18650828.5,29019.57421875,1233521.3737793,7844.59899902344
91,0,7304376.125,2456605.71875,65206481,9786320.75,0,106720508,0,191473976,838237.984375,7094696.625,74431740,82364748,714934.65625,56729.3148803711,2453095,0,0,0,4176833.5,172070.109375,780001.0859375,978484.46875,6842103.375,53615.8139648438,310893.48828125,112427.423828125,21276.0380859375,111813.45703125,462873.71875,4030221.375,528824.671875,4321048.5625,41240.7080078125,9826.740234375,3407955.0625,10006450,5616.91552734375,1171141.546875,1990.76312255859,2401318.5625,39102302,168262.60546875,4056297,58586.25
92,0,957153,583522.875,7383076.75,1294539.625,0,14493754,0,24712049,293.1650390625,2239190.9375,7644454.25,9883938.5,19196.7700195312,18435.1635742188,182296.61328125,0,0,0,251666.9296875,0,31738.3879394531,35901.609375,726243.25,14934.7329101562,55188.9140625,3994.46337890625,0,4101.4189453125,68172.2534179688,327510.609375,56131.240234375,480493.578125,533.821533203125,10663.1328125,687854.71875,2722841.6875,0,61557.662109375,971.868591308594,333507.734375,5680537.75,2002.58740234375,83346.5493164062,4586.65478515625
93,0,452030.40625,98662.109375,3526301.25,1235058.125,0,13160325,0,18472368,308485.90625,878691.1875,6351262,7538441.5,13900.23828125,704.502136230469,174777.203125,0,0,0,189381.953125,0,0,0,345633.375,1665.8642578125,20787.82421875,3808.8720703125,0,0,2244.52099609375,0,26713.931640625,222992.359375,194.719039916992,959.595275878906,385312.90625,1354081.875,0,84242.890625,0,250183.984375,2819044.75,17389.57421875,100746.9296875,2085.27294921875
94,0,3125131.75,1517218.875,4321149,1317299.375,0,14740378,0,25021178,0,362256.09375,5937325.5,6299580,1360897.875,137.824005126953,245210.578125,0,0,1016633.5,2794218,0,171338.3125,0,323717.0625,11526.2509765625,41650.08984375,2602.84643554688,0,0,0,4295.76806640625,25020.021484375,426032.53125,17544.583984375,1450.67224121094,352730.375,1807027.75,2563.73706054688,111068.9140625,0,179910.203125,3435234.75,218.520843505859,119196.0703125,8676.818359375
95,0,2688318.53727722,768929.279785156,45540118.0625,8644016.76171875,0,93019373.96875,0,150660696.71875,358620.10546875,7535125.99121094,46774797.828125,54668568.5898438,517901.34777832,257797.96484375,1823449.96875,0,0,0,2763370.61340332,2613.11840820312,161610.672363281,216565.90625,9697372.80078125,47552.6853027344,193707.024047852,92222.5705566406,5997.87652587891,24740.61328125,363729.4765625,3518685.75036621,749508.542724609,4882670.8828125,30801.3799743652,4357.2216796875,2302354.30859375,4031774.1875,217.529205322266,892396.736328125,4594.4303894043,2813673.0625,36402175.21875,338064.015625,6184685.75,6525.34413146973
96,0,641333.875,292125.1875,9564346,1197467.125,0,12737713,0,24433038,48937.6171875,809587.8125,11045049,11903571,91532.125,4358.68359375,392597.28125,0,0,0,502025.96875,0,13537.6005859375,0,1230358.25,15424.8408203125,15524.2001953125,7467.06982421875,9486.9248046875,0,0,0,95094.1640625,420159.09375,2590.95532226562,3812.35205078125,698294.625,1000172.125,0,42753.8125,655.2275390625,277046.59375,4111657.5,82980.1484375,205399.0625,4435.34228515625
97,0,1085841.5,61403.04296875,13993719,1802530.25,0,20076570,0,37020040,0,1573813.375,15474749,17048542,56824.89453125,16751.736328125,181591.15625,0,0,0,347810.21875,0,92642.7890625,0,1282108.375,11717.54296875,17281.962890625,5728.47021484375,569.586303710938,0,0,0,99094.09375,380091.46875,5297.1513671875,815.569274902344,777962.1875,1042820,0,99822.609375,2597.39697265625,300642.75,4718941.5,179119.890625,511255.9375,2009.61682128906
98,0,978905.550354004,497839.595947266,30563213.0625,6993320.84765625,0,63891899.1875,0,102925209.625,4145974.625,5209055.48046875,25140881.328125,34495932.765625,223396.672729492,30758.12890625,1304384.41992188,0,0,0,1640961.99609375,2358.38940429688,80068.291015625,89630.796875,9855308.52734375,114594.962402344,332466.467163086,223044.404945374,33221.4473876953,10239.4716796875,0,66825.2109375,761717.916015625,9518079.38671875,48760.5695800781,20418.7291259766,3201280.66601562,7899463.35546875,0,1837579.94628906,3881.20422363281,6236983.48828125,47256890.625,530137.33203125,6459397.9140625,13826.1645507812
99,0,1978047.51953125,491510.109375,22470676.625,8008845.78125,0,87141039.25,0,120090300,851342.875,8946272.25,31596275,41393825.5,626156.9375,33432.158203125,2187228.828125,0,0,45392.59375,3676185.5625,0,783968.900390625,1002766.85546875,7487892.65625,40091.7084960938,467704.6171875,311922.082519531,39786.2734375,114767.730957031,177299.972412109,3066778.84375,578739.32421875,6750798.84375,27052.697265625,38803.744140625,2515992.625,13309965.28125,0,1018411.4296875,2453.1845703125,3047167.90625,43371147.5,142847.059082031,2740440.71875,489433.926757812
100,0,345335.1875,98805.578125,4446868,1014664.3125,0,11321604,0,17227282,0,981145.3125,5142697,6123842.5,38393.546875,0,120622.546875,0,0,0,161459.203125,2443.29956054688,0,0,267762.03125,15313.8037109375,34518.78125,5729.38916015625,2878.39770507812,0,0,0,20695.27734375,357019.4375,6897.29150390625,0,227586.015625,2518685,414.859252929688,138186.96875,489.0693359375,228596.28125,4231842,2306.95556640625,403467.9375,1295.61169433594
101,0,1425710.125,172004.921875,10547740,1338575.625,0,14120300,0,27604350,291084.5,1790975.25,6474761,8556823,30576.91796875,10437.70703125,144088.296875,0,0,0,185846.3125,0,743.406555175781,28575.326171875,1064390.75,23018.201171875,20152.439453125,35540.42578125,1756.44506835938,3264.4609375,8756.443359375,539398.4375,82266.6640625,856389,10406.208984375,4440.51416015625,439613.875,2258593.5,894.977294921875,432742.03125,0,309483.96875,6887114.5,71514.03125,689200.3125,6714.4853515625
102,0,488667.28125,149647.34375,13496307,1358426.125,0,14811385,0,30304476,43873.0390625,1581452.5,10046547,11671879,34508.69921875,32382.453125,137709.203125,0,0,0,239042.234375,0,34441.69140625,165386.203125,1753597.25,1581.32434082031,10782.1220703125,11762.28515625,0,18893.814453125,88834.984375,59404.8359375,135535.53125,510981.625,0,15917.4814453125,234074.71875,291070.125,0,229085.890625,0,194536.84375,4506845,122227.984375,663162.6875,0
103,0,300880.46875,178565.046875,10520957,920380.75,0,9258069,0,21178864,22985.03515625,1257466.125,12261661,13542108,106421.6640625,1970.14477539062,364838.78125,0,0,0,644188.25,0,170958.125,33276.2734375,853252.75,19686.890625,53029.8203125,6479.09423828125,0,3801.5,5255.42626953125,38089.0390625,65947.765625,843854,1821.3515625,28227.375,849439.75,2502379.5,0,220504.640625,1564.39489746094,409638.59375,7350417.5,210176.40625,945177.25,258800.765625
104,0,171438.328125,47318.57421875,2090189.81402588,1149315.47338867,0,12606745.5007324,0,16064994.3608398,13814.65234375,777560.574951172,3688702.97460938,4480076.58203125,32288.2734375,40429.2616577149,96673.40625,0,0,0,192300.996032715,0,22910.43359375,25215.47265625,465745.758148193,7704.80810546875,64512.099609375,35476.6984863281,1450.4580078125,2880.62963867188,0,0,35997.4253158569,806523.794799805,11659.2998046875,414.725616455078,436336.375,2988087.03125,1239.91638183594,81776.96875,0,597827.3125,5779084.59570312,0,215246.171875,992.987060546875
105,0,4115435.5,4415790.25,5939981.375,898746.6875,0,9972160.5,0,25342130,0,412856.046875,6842092.75,7254947.25,834389.84375,6421.73681640625,194877.265625,39995.7065429688,47455.5234375,2375545.25,5131643.5,0,1632955.6875,5492.33837890625,469929.234375,10276.4692382812,28163.455078125,1074.64315795898,10506.8806152344,627.447814941406,0,0,36320.7626953125,363402.140625,7535.75939941406,16427.6470947266,178785.1640625,897060.5625,0,63366.2421875,1304.18493652344,96704.07421875,3469709.375,35130.328125,432453.9375,815147.65625
106,0,9205405,2248577,46874440,7432774,0,82893160,0,148654304,116794.859375,8078315,64725428,72920528,497541.90625,89121.21875,954422.3125,0,0,0,2120069.75,0,578974.0625,455120,5351589.5,83949.2109375,110771.109375,31172.873046875,5350.13818359375,51993.171875,123885.75,590807.0625,413623.90625,2044756.75,54338.5625,96917.3671875,4326327.5,5626955,10553.2724609375,1096883.25,3320.0283203125,2438121.5,27388892,858509.6875,3383085.5,230855.375
107,0,697057,16538.462890625,2968808,1365600.125,0,15320381,0,20368386,0,540343.625,6671580.5,7211924.5,242651.109375,1923.38293457031,166000.75,12143.0029296875,154285.609375,700657.1875,1388289.75,0,110628.1875,23575.830078125,295005.9375,6533.333984375,14434.509765625,7685.73779296875,731.189880371094,2693.31591796875,0,0,22800.955078125,188446.953125,6012.447265625,37226.39453125,325007.09375,2150168.75,910.51513671875,38650.28515625,1440.55993652344,93468.7421875,3649911.5,32131.923828125,305980.625,97010.1015625
108,0,1712174,513262.9375,2995603,1779087.5,0,19899726,0,26899858,0,205559.546875,5774648.5,5980211.5,341061.375,2211.95239257812,277241.25,50971.4140625,89809.390625,868342.6875,1655989.375,0,26352.91796875,14922.669921875,190044.421875,8021.94287109375,24467.849609375,2574.67163085938,1139.17260742188,1704.77404785156,0,0,14688.4970703125,245912.6875,4449.39599609375,3958.11376953125,253141.78125,2535590,0,86643.4140625,0,133885.890625,4000083.75,17898.416015625,456809.15625,4232.0166015625
109,0,191799.5625,51989.4765625,10734211,1318944.375,0,14494746,0,26791708,156207.609375,1424316.5,11580732,13161265,114209.3984375,1890.15734863281,316493.3125,0,0,0,436943.75,0,4350.61767578125,178546.046875,816072.6875,32339.3984375,85043.234375,38913.1328125,6111.79296875,20618.078125,415941.0625,988324,63074.1328125,866606.75,11453.98046875,975.212646484375,1208558.75,3942220.25,0,225408.3125,253.939849853516,880533.25,10705539,13420.302734375,908321.875,2822.92016601562
110,0,1687241.875,747078.0625,35676044,5436766.5,0,58510464,0,102057736,398563.4375,5605177.5,29450030,35453776,451826.21875,20240.43359375,1690958.5,0,0,0,2233310.5,0,70294.1640625,678016.9375,6216977,33138.4453125,194071.234375,66274.375,19734.173828125,77525.7890625,473153.03125,3930985.5,480510.90625,4680522.5,32931.3515625,3253.60107421875,1890705.875,3083753,1748.00244140625,1637312.75,898.194641113281,2743150.75,29791638,119457.5703125,3392023.5,35487.4609375
111,0,18749616.1875,9159031.29296875,123151223.195312,19002147.1972656,0,213227378.21875,0,383289907.375,1078500.25,13701351.3925781,105357091.523438,120136739.84375,833465.2109375,96062.1875,1930942.35229492,0,0,0,3591023.82104492,154682.203125,575874.125,3131180,7231730.92578125,171856.314331055,552265.851074219,49838.65625,10412.8330078125,358769.53125,293444.125,2313267.5,558938.427856445,6354754.140625,63531.3698730469,58800.783203125,3521532.16796875,25959552.654541,23241.44140625,1916742.13085938,17186.396484375,4205258.8572998,63640843.8710938,479353.4375,6136783.015625,232368.251708984
112,0,517332.25,337039.0625,23583418.3945312,6917125.01953125,0,59119571.21875,0,90474619.15625,2938238.5,6091708.83007812,22306218.9921875,31336252.3320312,207416.8125,106700.283203125,1076201.20898438,0,0,0,1690109.66015625,0,299787.1875,79996.703125,6099705.5,81588.7347412109,467832.572265625,322178.889648438,26231.427734375,9138.8671875,47757.73828125,165463.3125,471446.641601562,6206609.25,28740.275390625,21506.732421875,4038237.30664062,11036123.5234375,4867.99267578125,1463650.6875,9972.626953125,4234508.5390625,39312496.90625,213841.328125,4144338,138786.484375
113,0,9493442.234375,4309545.70703125,98294972,15258054.90625,0,165655127.75,0,293011253,535567.53515625,10942502,111362330,122840442.5,1285994.06274414,168323.894287109,2599188.328125,0,0,0,6284531.3203125,0,2231031.5078125,1329108.1484375,11364683.1875,97142.9393920898,580709.342285156,233135.767089844,18140.6618652344,152364.812011719,725847.90234375,4328842.53125,878373.5390625,7221199.7578125,102114.880126953,134107.358886719,6676019.546875,18419246.1640625,8837.90209960938,1628075.41015625,11461.78125,5948104.4140625,66510231.375,167841.158203125,6152023.484375,332872.927307129
114,0,24447464,7326776,2823460,704274.8125,0,7761932.5,0,43063920,0,285345.21875,5337919,5623266,663835.8125,11497.841796875,177187.640625,2415.63061523438,68668.71875,7384064,9301358,0,993698.3125,0,650837.5625,3436.5263671875,43340.9296875,1200.51342773438,1319.32080078125,0,0,0,50303.12109375,355100.65625,33527.4453125,602.133056640625,369634.3125,862635.75,0,72199.4765625,1940.60205078125,86497.8984375,2848734.75,6313.69091796875,302319.34375,7527.7890625
115,0,486388.25,79361.6171875,18722972,5519901,0,52922848,0,77731456,2660353.5,3424518,16581166,22666034,266700.3125,48027.56640625,1647040.125,0,0,0,2248975.25,0,287212.6875,167130.109375,8012540,68057.265625,232416.625,428646.59375,20901.162109375,19093.037109375,54524.078125,1386383.375,619288.625,5352233.5,10281.6982421875,7190.8916015625,2269868,3957335.75,439.7197265625,769513.9375,0,3842581.5,29729898,113807.1953125,2382364,15211.6220703125
116,0,1558174.375,150282.83203125,24029729.5,5633402.125,0,59562464,0,90934092,246475.431640625,4086425.25,25675940.5,30008881.5,258176.24609375,90798.3583984375,935832.46875,0,0,0,1401279.53125,334.715393066406,116140.377807617,532609.96875,6790273.875,36611.287109375,166555.40625,38485.3095703125,4238.78125,60845.6484375,290486.078125,2209915.1875,524820.234375,4902835.125,6714.4970703125,82002.880859375,2206556.96875,3945510.25,2599.47399902344,1227056.4375,785.332550048828,1818671.25,29380178,228880.41796875,4291357.25,12341.4140625
117,0,773147.4375,79745.90625,8009008.5,1644709.25,0,17019010,0,27525648,660578,1903570.125,6709619.5,9273772,28125.41796875,13565.2119140625,379805.125,0,0,0,425449.21875,0,3953.57080078125,2241.48071289062,1178613.125,25124.609375,19137.9140625,10119.8427734375,4445.42236328125,256.067993164062,0,9806.0791015625,91094.5390625,594801.6875,19493.095703125,366.138549804688,413589.21875,2583151.75,2725.33032226562,90367.734375,178.698425292969,373527.1875,6723522.5,129219.1796875,1163400.75,11859.111328125
118,0,596843.234375,149268.581054688,20460215.3125,4485925.02061462,0,37164164,0,62856399.6768646,367144.375,1749984.921875,23032393.9355469,25149520.5605469,226101.180786133,14932.3696289062,652190.046875,0,0,0,897165.067993164,0,3940.89950561523,66325.0859375,5998908.85932922,10311.5279541016,54219.6831054688,86941.0778808594,29900.6386108398,7577.0146484375,0,48016.26953125,463655.657733917,3323084.484375,6857.55505371094,2569.91040039062,3225287.34375,2035812.09375,0,1846951.0546875,926.410278320312,1861672.1640625,20730503.6665039,53181.7077636719,1597047.71875,11230.212890625
119,0,2425345.5,791153.3125,15673515,1702440.375,0,18171680,0,38764116,542572.125,2279270.5,12956763,15778598,90799.2109375,471.924133300781,175285.6875,0,0,0,323667.6875,0,57111.3515625,11851.8896484375,792120.6875,8494.5048828125,29796.962890625,43672.98828125,655.686645507812,1353.96643066406,0,0,61222.8203125,1316933.125,9051.125,2887.46240234375,1261222.75,3652505.75,0,249100.421875,0,1025865.0625,8644755,0,164665.140625,13358.0400390625
120,0,245789.375,60398.78515625,6433185.5,1488898.125,0,15379055,0,23607338,287744.375,539607.9375,9746793,10574136,86195.953125,36575.1328125,277584.03125,0,0,0,401719.34375,0,1364.32006835938,7127.24560546875,1839223.5,10734.615234375,9969.8662109375,11293.109375,0,814.220458984375,0,0,142152.34375,616476.4375,230.483764648438,499.753051757812,1511157.625,627841.8125,0,213096.046875,0,553477.875,6146784,46200,555160.3125,1328.71118164062
121,0,597742.558135986,74712.1796875,3175000.9140625,1331393.63085938,0,11086193.7265625,0,16265082.109375,926211.367675781,774043.08203125,10687030.75,12387283.78125,103165.078125,359.326843261719,696215.46875,0,0,0,802330,0,2589.2509765625,9179.171875,5766016.421875,15698.7257537842,64429.5378417969,84707.4285392761,0,1048.63366699219,1774.70129394531,0,445663.234375,1795630.265625,10677.75390625,550.075378417969,2662693.79797363,776079.216308594,0,2176716.44433594,0,1097769.10546875,19304679.21875,0,4352719.71484375,43284.7778320312
122,0,281428.71875,49152.7734375,3193213.25,423635.4375,0,4697556.5,0,8644990,0,261525.125,2637358,2898881.75,15546.60546875,0,52021.3515625,0,0,0,68982.8203125,0,1415.0068359375,0,681409.1875,37.0105476379395,2120.12036132812,3539.9814453125,328.505615234375,0,0,3185.92822265625,52666.07421875,73893.515625,0,0,318933.53125,87983.921875,0,74850.2578125,0,33165.82421875,1361128.5,0,28749.61328125,264.796539306641
123,0,578943.820800781,214592.046386719,11727920.6875,2867774.1875,0,26646241.5,0,42035448.5,256299.491210938,987828.9375,14323918.25,15568037.875,294009.868164062,84570.4251708984,1193770,0,0,0,1730295.46484375,0,157944.31640625,140559.328125,7028776.125,25291.8660888672,89025.83203125,147527.021484375,8294.76554107666,16057.576171875,282391.3984375,1982169.9050293,543253.359375,3213299.28125,5069.31787109375,707.983520507812,3705215.6875,1065661.578125,4157.91552734375,1867676.0625,0,940420.3515625,22218606,19930.6606445312,1129743.1875,3380.88458251953
124,0,1899884.625,564241.5,7479246,1045133.75,0,11623291,0,22611798,92456.1796875,816185,6293491.5,7202130,44177.484375,590.058959960938,111166.9765625,0,0,0,217324.6875,0,61390.1796875,23978.6328125,324846.4375,12836.0341796875,27233.125,5221.62109375,2663.8095703125,2739.33227539062,0,2556.2216796875,25107.333984375,720006.4375,14503.2568359375,0,886370.3125,3138587,0,149914.890625,862.141418457031,730697.5625,6787814,38494.00390625,659681.3125,21514.71875
125,0,573690,42250.7890625,4083170.1015625,1194810.1796875,0,13067681.625,0,18961626.875,0,427465.145874023,9599162.125,10026629.125,186902.356445312,8064.55126953125,521374.15625,0,0,0,761216.1015625,0,44874.72265625,93691.984375,1843888.1875,421.530670166016,10632.5263671875,14761.1220703125,0,10703.4267578125,19852.623046875,442667.71484375,142514.27734375,567438.91796875,0,2956.87255859375,833047.718505859,188918.94921875,542.269226074219,335326.375,0,200038.685791016,5258347.125,57541.18359375,493407.3125,0
126,0,64141.1961669922,57763.38671875,4209319.1875,995988.234375,0,11097985.5,0,16425194.375,0,583092.8125,4484976.78125,5068071.5,33486.9391479492,1758.48657226562,143826.959594727,0,0,0,182962.645019531,0,3890.21264648438,14913.1923828125,798599.33203125,8977.20703125,10555.0187988281,6147.42395019531,5440.21118164062,1703.69140625,25796.380859375,202800.125,61723.57421875,410511.08203125,3757.9443359375,5214.4375,623772.5625,2155995.40625,337.170257568359,200271.3125,0,356384.234375,4930957.25,7346.9833984375,29483.671875,1229.41262817383
127,0,335384.71875,223008.93359375,3505290.125,1001990.4375,0,10528227.5,0,15593888,17772.3828125,787816.625,5282903.25,6088493.75,54806.66015625,9839.03369140625,348243.2734375,0,0,0,419320.6953125,290.414855957031,6141.55126953125,13638.439453125,1575955.84375,23847.6953125,32924.98828125,18435.5473632812,358.971862792969,1558.06298828125,0,0,121805.58203125,532142.15625,2031.96585083008,0,1472620.75,634300.34375,0,425179.0625,0,674227.1953125,6578526.25,71979.20703125,977380.375,141.85530090332
128,0,25035.796875,10317.974609375,867380.794921875,569057.559570312,0,6367585.953125,0,7839365.78125,0,350849.057128906,2854380.49609375,3205229.22265625,77592.2280273438,634.359619140625,141909.638671875,0,0,0,220136.109375,0,0,41867.83203125,288240.775390625,256.346740722656,9812.8540802002,3191.15942382812,58994.55859375,4783.00439453125,0,198806.484375,22278.0829467773,310552.9375,0,0,137418.109375,1097184.41564941,0,101228.737792969,791.602600097656,189078.57421875,2620851.734375,0,156367.453125,0
129,0,9876872,3194174.25,17100406,3437877,0,38290072,0,71899368,759604,4675090.5,16001911,21436600,267577.84375,785.719848632812,638764.5,0,0,0,1237602.75,106825.9140625,223651.15625,108818.4453125,2073150,79613.8125,110603.8828125,53022.2109375,2014.74609375,12431.478515625,76309.0234375,402064.1875,160233.9375,2294932.25,35985.94140625,57863.7734375,1725492.625,6881265,0,240037.125,5088.20166015625,1223761,16757012,253482.578125,930007.1875,30806.267578125
130,0,73538.0217285156,61.2838363647461,1159657.27184296,980889.400878906,0,1768120.68847656,0,3982266.38769531,655825.234375,334250.703369141,7596079.82421875,8586157.94140625,0,0,0,0,0,0,0,0,0,0,1049204.29199219,10766.1700820923,6501.39154052734,14905.9662704468,0,0,571.27587890625,0,81093.2070846558,981731.67578125,2039.91381835938,0,1980106.78125,191160.485839844,0,470545.560546875,0,727337.240234375,5564395.8359375,0,48420.1662597656,0
131,0,1064087.5,317852.65625,8603541.29370117,1214838.36791992,0,13578414.9296875,0,24778770.7148438,0,1194776.25,11402804.8945312,12597601.8945312,102089.1484375,54432.87890625,345298.15625,0,0,0,562395.875,0,60574.95703125,294818.625,1287051.98828125,17735.478515625,15667.1669921875,11429.3828125,1507.41711425781,33745.7578125,166342.734375,1103735.625,99475.5249023438,381388.125,6563.48876953125,7367.8876953125,1903269.875,983014.3125,0,369778.21875,227.291870117188,397880,7154801.015625,713.314453125,54215.8828125,18866.771484375
132,0,1609391.49291992,897538.15234375,16192769.6875,3509653.84375,0,37949261.75,0,60158581,571444.41796875,3213867.7890625,23624071.75,27409430.5,281503.003417969,94661.7775878906,873053.265625,0,0,0,1332750.54589844,0,83531.8471679688,290226.796875,2752882.75,32349.9217224121,92033.4790039062,117345.455078125,3194.98193359375,33155.658203125,106755.163513184,668943.352539062,212770.154296875,1934594.40625,4380.51635742188,0,1551156.734375,1948373.25,13545.8544921875,1154136.546875,101.889450073242,1490765.625,14102758.375,57311.7776489258,1629492.87109375,9248.96630859375
133,0,9033721,6141624.5,25417002,3522426.25,0,39198232,0,83312960,9945.17578125,3013971.25,21843456,24867350,462058.40625,4727.2353515625,856836.6875,1042.99047851562,74839.625,1172703.875,3500517.5,0,928307.1875,1055059.75,1951660.5,43053.8046875,64591.21484375,7891.23046875,19099.685546875,121650.140625,458806.34375,1508826.625,150843.515625,1612894.75,35592.51953125,114450.3984375,1943420.875,6481100.5,924.499145507812,255355.90625,2413.99609375,897589.875,16999850,991.148132324219,103827.9609375,169805.546875
134,0,1413139.04969764,319928.065917969,13398437.637207,3616920.87304688,0,26714719.5507812,0,45463175.2734375,796786.98828125,2483040.57824707,25374353.7802734,28654213.9404297,447454.286132812,102800.770263672,3113992.5625,0,0,0,3777214.04345703,2274.0966796875,110691.53125,47393.3364257812,13706635.7421875,28175.9078674316,166474.833618164,429907.045898438,9969.0849609375,5414.24169921875,7165.9228515625,9225.7314453125,1059389.8236084,5021560.17987061,18196.2920684814,2104.86254882812,11116419.2392578,2368460.61056519,183.34602355957,1768078.58203125,0,3372733.22460938,47982061.4921875,50205.1432495117,8757557.52954102,36754.7097167969
135,0,689092.8125,95182.6015625,3008349.89550781,581915.620117188,0,6467918.0078125,0,10842453.3125,0,423995,3109478.91601562,3533474.91601562,68421.6871643066,13523.982421875,161375.984375,0,0,0,453811.116851807,0,210489.609375,0,370847.177734375,5140.57177734375,6262.96072006226,10245.103603363,0,0,0,0,28662.7309570312,300264.859375,0,0,289164.28125,817114.4375,0,44770.6171875,5304.52099609375,90786.66796875,2479157.2421875,0,510596.71875,0
136,0,106626.6875,59437.921875,3329158.75,775370.0625,0,8529707,0,12800288,0,681377.4375,4069749,4751131,46719.23828125,6052.56494140625,140919.109375,0,0,0,207072.140625,0,13381.31640625,0,1035921.75,13644.8115234375,18141.390625,40467.4453125,0,0,0,0,80065.984375,601383.625,0,0,842420.5625,1017450.625,0,450962.34375,0,371910.53125,5183006.5,65284.6640625,636121.1875,9234.7822265625
137,0,1144944.375,73224.1875,8114444,1477193,0,13539297,0,24349164,1518464,649637.8125,6730462.01155853,8898594.51155853,57240.08203125,96258.34375,320301.09375,0,0,0,474597.34375,0,798.317260742188,0,3282745,6877.72802734375,17757.66796875,38150.8203125,0,0,0,6914.81103515625,253724,263570.4375,2021.369140625,0,559807.5625,432712.78125,0,155615.671875,0,306649.375,5830727,1681.04943847656,451885.125,50576.09765625
138,0,763298.67578125,488059.90625,6627103.75,1518489.515625,0,15517267.5,0,24914205.75,16008.90625,730703.931640625,10440921.65625,11187621.875,101872.5,24782.4765625,417866.15625,0,0,0,590811.9375,0,46289.71875,0,1480925.671875,11980.5299072266,14964.3618164062,12681.0460205078,0,0,0,45555.7890625,114460.010742188,715012.3046875,6140.9345703125,14753.12890625,1476456.625,420348.640625,4265.1259765625,822402.421386719,0,297274.6640625,6049999.25,104054.921875,507948.654296875,770.747131347656
139,0,1430798.625,316791.96875,15880854,2209755.75,0,24596208,0,44434380,43137.13671875,1932839.49346924,16610774.0855103,18586741.5791016,269177.40625,10315.8642578125,828838.3125,0,0,0,1118100.875,2398.99975585938,7374.93115234375,129759.4609375,2262441.73144531,29778.67578125,72542.1875,48122.7987670898,3418.84228515625,14823.796875,185518,1052720.875,174863.497497559,1220536.15283203,14165.4765625,28600.453125,1521776.25,2110090.75,5130.5830078125,546017.375,0,664195.75,10570117.4238281,75355.3671875,392058.3125,18204.779296875
140,0,154685.6875,0,1305122.47595215,1538755.34472656,0,2241836.60192871,0,5240392.45605469,514812.671875,265755.787109375,1617669.69628906,2398241.07128906,0,536.529113769531,0,0,0,0,536.529113769531,0,0,0,1351046.25,359.976257324219,17635.287109375,8628.07531738281,0,0,0,0,104422.1640625,622972.748046875,1692.86340332031,0,1866348.375,141648.5625,0,266240.060546875,0,207589.7109375,4600976.90429688,2068.1435546875,10344.8381347656,0
141,0,841376.235351562,29292.8203125,7176886.70703125,2093896.15820312,0,21891752.265625,0,32033182.03125,337645.4375,1153241.65332031,11028535.203125,12519439.984375,232401.083984375,15958.052734375,1020877.21484375,0,0,0,1456069.33886719,0,186835.870605469,277995.8125,4972608.96875,35655.60546875,88588.6361083984,137947.456542969,1715.38195800781,31758.3828125,155873.84375,746577.298828125,384333.613525391,1906880.5625,4452.0458984375,2156.92041015625,2878310.9375,1000251.25488281,0,863128.58984375,0,1301475.9375,17902696.6875,153918.265625,2958748.7890625,269.525085449219
142,0,1275957.31152344,201609.680664062,9446490.421875,1339901.43554688,0,14877034.8125,0,27140986.84375,819272.25,1079819.765625,8583314.953125,10482406.640625,109187.278808594,1771.40783691406,324147,0,0,0,488318.19140625,0,53212.7060546875,140497.73046875,1098703.72167969,20394.3627929688,43294.5419387817,8086.61889648438,891.46875,16075.9809570312,151595.71875,647009.6875,84918.706237793,1221631.2265625,10492.3088989258,3038.42944335938,1163959.24609375,2126780.83398438,0,264632.09765625,0,441026.29296875,7845945.640625,88235.595703125,313049.504882812,1636.06439208984
143,0,740389.5703125,87111.98046875,5730321.33459473,1903026.35791016,0,19241257.7167969,0,27702080.9882812,103695.146484375,787972.063476562,6786390.47265625,7678061.69921875,138753.348144531,6112.2490234375,346543.796875,0,0,0,532182.8984375,0,40773.322265625,138919.68359375,8030524.82128906,9963.23903656006,59641.7954101562,91303.5438995361,553.690856933594,15870.2614746094,0,14890.1018066406,620679.778930664,1365976.55859375,533.821594238281,0,1661115.921875,742535.540527344,0,1340576.625,0,2056661.5625,17597711.1210938,8619.08544921875,1427164.375,12152.2751464844
144,0,34174.986328125,15473.302734375,1049237.24609375,904287.799072266,0,1196092.05859375,0,3199264.97094727,578725.885742188,348350.751953125,2928225.76367188,3855302.46679688,0,0,0,0,0,0,0,0,0,0,1189653.765625,389.974304199219,33850.2396240234,25299.8943786621,0,0,0,0,91948.099609375,833690.96875,713.969909667969,30606.39453125,3155944.421875,285977.31640625,0,704444.25,0,219577.97265625,6572094.25,0,0,0
145,0,1144677.75,173111.625,5428276,1278427.875,0,13615055,0,21639570,1123779.375,957792.1875,9223795,11305392,106338.640625,0,566226.0625,0,0,0,698540.8125,0,25976.9921875,0,1500852.75,2637.48852539062,7708.71240234375,10866.7900390625,0,0,0,68437.609375,116001.0546875,612189.4375,335.128692626953,23432.861328125,1257852.875,684794.9375,0,656045.5625,1271.26684570312,271314.65625,6808574,57327.359375,1537533.5,0
146,0,1368418,280706.3125,12959449,2414818,0,26256758,0,43280152,50810.296875,1740442.375,13376231,15167483,166149.265625,11009.3076171875,717685.0625,0,0,0,967802.75,0,72955.1953125,450040.15625,3844903.25,5640.79638671875,42553.5859375,137127.078125,8636.5166015625,51420.3984375,252113.828125,4275985.5,297174.1875,1251992,2457.16943359375,10505.224609375,1977724.75,1602060.75,0,709709,1335.53564453125,1234033.875,17554672,60047.95703125,1335783.25,3532.197265625
147,0,479997.460693359,32026.845703125,5144914.5390625,1036084.00390625,0,11169784.234375,0,17862792.78125,34921.0390625,1229495.57202148,5163325.609375,6427745.3125,130647.8125,1263.18139648438,346133.613769531,0,0,0,521395.582519531,0,43349.8828125,46402.919921875,2308605.9375,7975.18310546875,37158.89453125,130510.973144531,0,5301.0947265625,81082.1669921875,771074.095703125,178432.95703125,858255.529296875,6379.3662109375,928.360778808594,2224948.15234375,417944.549316406,0,409973.142700195,0,307770.359375,9418098.375,62748.263671875,1562029.8125,548.507202148438
148,0,910623,197720,6328362.51757812,828396.720703125,0,9218879.96875,0,17483980.59375,0,1125677.65625,5719617.1484375,6845298.1484375,62688.28515625,713.731323242188,194151.724609375,0,0,0,316717.8359375,0,59164.1748046875,0,927604.328125,17805.5610351562,5670.79650878906,1161.31283569336,0,0,8806.3896484375,152.565582275391,71694.394744873,317343.8359375,2934.03173828125,26282.1533203125,712266.359375,572413.796875,0,23883.1518554688,948.355651855469,129998.421875,3424923.66894531,45481.99609375,551395,9083.4677734375
149,0,585786.5,165547.640625,11489868,1395498.125,0,15489469,0,29126218,88489.484375,1876924.25,8406577,10371984,95579.46875,2349.16088867188,461646.40625,0,0,0,595308.0625,0,35734.19921875,73855.140625,1411246,62850.93359375,34920.859375,9895.044921875,0,8437.2509765625,72542.6640625,840364,109075.0390625,569151.625,8334.5029296875,44863.25,1169180.75,1199096.375,638.603637695312,215204.75,0,494397.59375,6458051.5,1125.38232421875,119308.3359375,13551.919921875
150,0,40602.4291992188,297434.9375,2112757.03125,1078667.34375,0,8314216.75,0,11843689.5,910943.875,588640.25,4304219.625,5803806.25,40350.4033203125,76352.806640625,190178.3203125,0,0,0,339882.640625,0,33001.3359375,122395.2890625,1466271.5625,1677.94110107422,26754.7099609375,61709.974609375,0,13982.505859375,0,0,113327.52734375,4318793.5,0,0,1112376.03125,351277.4453125,0,394458.1015625,0,805205.4375,9981605.25,61427.76171875,1126237.859375,5697.85595703125
151,0,41947.41015625,830.620239257812,2386711.3984375,522653.197875977,0,5821036.06933594,0,8773170.171875,0,185227.265625,4535685.0625,4720914.0625,1617.482421875,291.030151367188,28220.578125,0,0,0,40579.02734375,0,10449.9296875,0,315000.625,514.641479492188,2025.06323242188,2653.072265625,0,0,0,0,24346.431640625,137243.690429688,0,4218.40185546875,340740.3125,96103.8046875,0,46611.86328125,0,45361.2194824219,1035634.5390625,0,20815.22265625,0
152,0,391766.28125,1321.24877929688,5531597.5,1170848.125,0,12251063,0,19346608,0,875546.875,8371874,9247426,71880.484375,19704.486328125,284489.46875,0,0,0,382177.9375,0,6103.53662109375,401575.84375,1115215.875,5255.49609375,19317.099609375,15550.638671875,0,45947.6875,60193.1171875,1104776.75,86195.015625,1125978,2910.18896484375,2844.0810546875,2243364,1224796.125,0,335500.09375,0,644085.25,8437940,0,3414.80126953125,997.715576171875
153,0,69123.12109375,42599.1198425293,7297638.75,1431847.3125,0,15998185,0,24839386,0,553045.15625,10208344.75,10761389.75,92239.8125,156.897842407227,304397.5625,0,0,0,546746.578125,0,149952.71484375,0,1566504.8125,20416.96484375,12612.4104003906,23211.8623046875,0,0,0,0,121074.81640625,548494.625,99.3464508056641,0,937635.53125,1023280.34375,1440.35412597656,159369.671875,0,154295.19921875,4641532.625,26681.396484375,45757.166015625,661.991394042969
154,0,2987165.67907715,1821595.625,12009116.25,2239040.0234375,0,25049049.75,0,44105967.25,0,2056090.8359375,15090320.6875,17146415.4375,159758.875,22936.0025634766,479583.3828125,0,0,0,735398.3984375,0,73119.9296875,38067.265625,888492.123046875,16526.197265625,18627.9721679688,7950.03289794922,1479.59985351562,4348.8251953125,39984.6328125,459018.95703125,68671.4450683594,707473.8203125,10815.5166015625,36209.5390625,822478.693359375,3897840.1171875,0,57907.8292236328,189.671127319336,569646.662109375,8248097.078125,84130.505859375,402906.636962891,115333.0859375
155,0,325480.375,26426.708984375,7641127.23199463,3222903.04455566,0,27946620.2363281,0,39162585.2636719,78494.921875,1414624,13889925.3972168,15383048.3972168,141428.578125,80448.0625,835054.1875,0,0,0,1154189.25,0,97259.5546875,116746.5546875,3906361.23852539,39611.41796875,34201.5390625,34706.1015625,0,13447.630859375,20458.234375,256995.328125,301921.9375,3787838.25,12521.6220703125,5353.25732421875,1766500.375,707258.5,0,1145302.875,782.197448730469,961595.5625,14313563.7385254,61351.30859375,1127050,13594.4755859375
156,0,185103.501464844,4887.7646484375,4007764.625,1734640.5,0,13149655.75,0,19082047.25,92179.4765625,694331.015625,5720869.1875,6507375.4375,26623.4704589844,96373.9697265625,117891.2265625,0,0,0,245323.861328125,0,4435.09582519531,19519.365234375,3548443.24462891,31621.119140625,36594.7734375,19113.2889404297,0,2229.90307617188,0,0,274259.814758301,2082530,993.464477539062,3807.14697265625,1441129.8125,620071.8359375,0,1065843.03125,0,510087.076171875,11048742.7880859,842.866027832031,1385733.05566406,5920.0931892395
157,0,389857.608886719,6857.7353515625,3383959.1875,1548777.59375,0,12954708.5,0,18284177.75,0,954549,9543279,10497835.25,94200.2890625,25956.427734375,475795.40625,0,0,0,930659.96875,6539.25732421875,328167.4453125,323758.96875,2466954.375,586.714584350586,20526.8330078125,38173.8671875,0,36986.3984375,0,3483.5810546875,190670.1328125,1773094.125,18764.556640625,21319.330078125,427710.15625,316871.9609375,0,152149.32421875,0,1245161.96875,7643439.5,8258.52624511719,468688.072265625,130279.875
158,0,115387.462890625,0,4337107.75,1324551.6875,0,9945061,0,15722116,171725.734375,1156037.28125,5951698.25,7279458.5,11968.646484375,103092.981445312,78105.9453125,0,0,0,213636.9140625,0,20469.0235595703,282327.1875,2127015.625,15375.3618164062,33461.4375,24519.8615722656,0,32253.205078125,0,2171.81616210938,164397.11328125,1014939.828125,2226.68518066406,0,897420.34375,260801.046875,0,147464.548828125,0,171683.8515625,5482729.5,23303.685546875,283369.328125,0
159,0,549480.336547852,532359.888916016,15437886.125,1521253.9140625,0,14059447.375,0,32100434.9375,401344.625,1487072.90625,9608237.75,11496661.875,68526.375,18696.6840820312,417000.2578125,0,0,0,523180.12109375,0,18956.8671875,1089.93786621094,1547094.84375,14317.2302246094,31242.7216796875,30227.1812744141,0,124.515098571777,0,0,119574.673828125,1790099.875,7175.4599609375,21798.2578125,1005462.9921875,2261537.01757812,4010.30615234375,180538.421875,326.046234130859,752581.473632812,8580144.875,188503.578125,622405.125,2037.98791503906
160,0,434944.37109375,232443.865234375,4742658.875,2261187.09375,0,18559264,0,26230487.75,479718.8125,1952397.75,17409473.75,19841583.5,166232.438476562,561197.41796875,575301.172607422,0,0,0,1567793.125,0,265058.375,141729.828125,5110416.875,43362.7204589844,88586.3896484375,84467.48828125,446.396713256836,16206.9921875,8556.65139770508,0,394984.703125,2409107.625,3534.08447265625,0,891750.3515625,759050.703125,798.642913818359,413082.339599609,0,730128.734375,12557537,43228.1047363281,1413558.171875,4534.64190673828
161,0,96878.65625,6787.810546875,2508287,486509.40625,0,5419067,0,8517536,0,279271.3125,5289853,5569127,15145.8427734375,17522.728515625,111215.8359375,0,0,0,180957.34375,0,37073.1875,0,383697.53125,11306.150390625,2637.10034179688,1028.70520019531,0,0,0,0,29656.177734375,150019,0,0,142546.65625,79309.3671875,0,15909.1513671875,0,70529.4453125,1712401.625,10279.84375,815480,0
162,0,169960.59375,47221.85546875,3352932.5,1105166.5,0,10955161,0,15630444,45304.4921875,512548.09375,4045986.25,4603840,55445.734375,13776.2314453125,346315.3125,0,0,0,627725.75,0,212187.65625,239620.484375,1477832.375,5880.7841796875,57847.1171875,15415.2734375,0,27374.380859375,49740.015625,480897.28125,114222.0703125,2052766.25,3948.69067382812,6609.58203125,398620.40625,486702.8125,0,430123.375,0,781854.5625,7582459.5,66661.3671875,876297.8125,10048.08984375
163,0,1712064.75,368849.4375,4991043,1303961.625,0,14343013,0,22718942,12673.40625,716027.125,14508384,15237077,104139.8046875,6638.93212890625,615208.5,0,0,0,861052.3125,0,135063.671875,843478.25,1440510.25,32495.22265625,31973.51171875,45470.9609375,0,96767.125,159710.578125,737113.625,111336.7578125,980017.3125,2965.82177734375,8292.7783203125,940435.5625,1343991.5,302.987121582031,189085.765625,6729.40673828125,312288.21875,7400571,76788.2109375,39370.66015625,1451.65258789062
164,0,1202203.25,247189.84375,8877307,1158091.375,0,12681419,0,24166216,18429.013671875,1446809.625,10583368,12048608,109736.0859375,1522.21667480469,511502.8125,0,0,0,764894.9375,0,142134.25,102160.3515625,867453.8125,15719.35546875,7203.0283203125,7319.4501953125,2234.6328125,11902.0185546875,84548.84375,798902.5,67045.3828125,466041.875,287.4423828125,4060.49389648438,588655.5625,779336.5625,1064.33923339844,184432.28125,0,437578.40625,4611267,0,124776.1015625,60548.55859375
165,0,161606.225860596,63425.1875,5167616.75,2550540.78125,0,16818369.125,0,24761553.25,205578.984375,1224143.6640625,10259268.84375,11688990.9375,110017.686523438,22801.2552928925,564871.793945312,0,0,0,770202.2578125,0,72511.7109375,0,1972942.984375,9452.49206542969,79756.0849609375,38733.4248046875,0,0,0,0,152488.526367188,4910069.625,8563.66284179688,0,1279622.93066406,527420.67578125,0,1003451.5,0,2504840.078125,13760177.375,0,1266337.20703125,6501.70153808594
166,0,220531.79296875,1752.54711914062,6109194.25,2920867.07421875,0,24050284.0625,0,33302624.59375,133889.68359375,891695.59375,9538068.171875,10563654.765625,132709.389404297,79717.060333252,653811.881835938,0,0,0,961926.258789062,3667.1025390625,92021.8950195312,58676.5678710938,4859989.90625,21316.9184570312,162932.966674805,128382.314941406,739.137573242188,6703.24328613281,0,6198.3505859375,375628.007080078,5129119.3125,3773.84020996094,2495.294921875,1975557.15625,1259380.47460938,891.869689941406,2373450.84277344,481.231719970703,780083.5,22015654.09375,3501.01611328125,4864919.203125,1409.09606933594
167,0,458441.125,73131.984375,8451628,2071406.75,0,23111618,0,34166212,7927.42138671875,892337.125,15468848,16369111,139078.21875,0,377640.21875,0,0,0,565403.5625,0,48684.6796875,35219.20703125,1272990.125,16267.1201171875,15392.494140625,28111.892578125,154.980453491211,4054.86157226562,14484.80859375,347930.28125,98389.1484375,785661.25,1291.50402832031,23644.56640625,1464863,827840.5,2316.68627929688,266712.4375,0,207852.96875,6354997.5,94138.7734375,847689,0
168,0,690995.4375,261151.3125,8238833,1991229.25,0,21359368,0,32541586,233615.109375,1920853.5,11635813,13790299,101338.15625,8767.205078125,261109.6875,0,0,0,627310.0625,0,256095.09375,198027.484375,1317302.75,19238.478515625,83547.5234375,39983.5,4901.091796875,22622.767578125,80347.0234375,712272.75,101814,1217285.5,8514.6533203125,64018.6953125,1383361.875,2861699.75,0,327801.09375,4136.7119140625,836739.375,9379470,0,93214.3125,2633.7802734375
169,0,151786.109375,49465,4130879.75,756041.9375,0,8322630,0,13410792,0,175898.6875,4554894,4730791,17669.55078125,17883.28125,95233.8203125,0,0,0,143555.40625,0,12768.8515625,0,752905,14238.173828125,4635.28173828125,2080.37939453125,769.603820800781,0,0,0,58192.0234375,165601.6875,127.163452148438,5372.34521484375,263805.6875,252631.328125,0,64977.55078125,0,98981.7109375,2295296.75,0,605083.0625,5896.45361328125
170,0,543809.65625,225895.41796875,6536436.875,1231775.8359375,0,12312650.125,0,20850569,846355.875,1442985.5625,9038210.75,11327555.125,108920.126953125,31462.6469726562,341437.18359375,0,0,0,568532.1640625,0,86712.46484375,34219.30859375,1073497.875,1465.22808837891,13649.4997558594,7314.55864715576,0,3909.23266601562,9721.056640625,169705.328125,82970.4443359375,1241380.67578125,1941.89178466797,34706.8046875,942127.360351562,809382.046875,733.384155273438,170414.040527344,0,547527.463867188,5201997.4375,6652.39990234375,48207.5,2473.0107421875
171,0,368868.875,26906.41015625,9233792,1406556,0,13204314,0,24240382,34749.046875,729134,6660141.5,7424025.5,86484.828125,6160.23876953125,206021.140625,0,0,0,322937.28125,0,24270.53125,328080.6875,1783755.25,4696.0517578125,37280.81640625,13201.3701171875,0,37480.1328125,0,0,137865.375,2181262.5,5903.828125,428.607666015625,773184.4375,1245943.375,0,295861.28125,0,602651.5,8199328,79574.3359375,669395.9375,2756.72119140625
