"zone";"mass_grand_t_10m2";"mass_building_dcmix_lr";"mass_building_dcmix_mr";"mass_building_high";"mass_building_irh";"mass_building_light";"mass_building_sdr_lr";"mass_building_sdr_mr";"mass_building_sky";"mass_building";"mass_other_airport";"mass_other_parking";"mass_other_remaining_impervious";"mass_other";"mass_rail_bridge";"mass_rail_other";"mass_rail_railway";"mass_rail_subway_elevated";"mass_rail_subway_surface";"mass_rail_subway";"mass_rail";"mass_rail_tram";"mass_rail_tunnel";"mass_street_bridge_motorway";"mass_street_bridge_other";"mass_street_cycleway";"mass_street_footway";"mass_street_gravel";"mass_street_living_street";"mass_street_motorway_elevated";"mass_street_motorway_link";"mass_street_motorway";"mass_street_other_elevated";"mass_street_other";"mass_street_pedestrian";"mass_street_primary_link";"mass_street_primary";"mass_street_residential";"mass_street_secondary_link";"mass_street_secondary";"mass_street_tertiary_link";"mass_street_tertiary";"mass_street";"mass_street_trunk_link";"mass_street_trunk";"mass_street_tunnel"
-9999;0;0;0;0;0;0;0;0;0;0;0;0;0;0;0;0;0;0;0;0;0;0;0;0;0;0;0;0;0;0;0;0;0;0;0;0;0;0;0;0;0;0;0;0;0;0
0;35445580;75425,2265625;169233,984375;18506,86328125;1074534,125;638647,75;4535926,5;1771655,75;0;8283925,5;32850,92578125;410535,875;7528290;7971680;15839,0478515625;0;83726,875;0;0;0;104681,3125;0;5115,1435546875;72916,8359375;189203,859375;3722,873046875;21750,921875;491323,6875;168,226654052734;8330,0595703125;81068,109375;1630859,75;14623,544921875;7447734,5;0;2795,49389648438;1822126,625;1314292,75;2343,10009765625;2035395,25;347,991638183594;3935218,75;19085300;0;0;11154,55859375
1;58318724,5;134223,350585938;318038,120422363;96026,0267906189;1255961,109375;845287,640625;7299211,28125;3650725,234375;0;13599455;9337,904296875;630321,0390625;11152606,5;11792261,625;2382,89801025391;8530,9375;0;0;0;0;10913,801940918;0;0;0;266797,55859375;3587,29614257812;28535,0764160156;345095,65625;0;0;0;6496,00341796875;20620,7443847656;16624354;3192,33276367188;1214,677734375;1883069,75;1224630,94238281;1615,93127441406;4440127,4375;0;5447234,15625;32916066,5;58718,07421875;2548681,375;12086,0746459961
2;90032243;504910,458007812;555365,835205078;154309,185546875;1831635,2578125;1595462,25;10872474,875;4061158,25;0;19575307,875;790381,705078125;1057627,0234375;18355614,125;20203614,375;40801,7136230469;8614,615234375;257489,82421875;0;0;0;313985,11328125;0;7079,25732421875;43692,2890625;423448,11328125;25117,3051757812;82956,5805664062;1446456,8203125;0;4991,43176269531;195106,3203125;2317462,46875;32728,234375;21180090,125;9578,32153320312;0;5777982,65039062;3000439,234375;1075,2158203125;7183288,75;9148,10461425781;6913012,625;49939161;138515,625;1133976,859375;20129,2677001953
3;299271073,5;684234,791992188;3058568,39831543;1811984,4887085;9014906,62890625;4366328,44921875;30760593,5625;19383162,1875;1291,1240234375;69081407,25;451553,83984375;5107760,80859375;57772913,5;63332222,75;129221,738525391;11607,3659667969;751105,3046875;0;0;0;1019694,31652832;291,030120849609;127464,725830078;350737,265625;1291249,62109375;88709,5234375;292807,182495117;7471905,33203125;12983,9191894531;40068,4116210938;219451,1875;3634646,375;99800,5983886719;83466031,75;36583,3413391113;12238,7451171875;8196311,4375;13576092,34375;37034,3428955078;16308185,625;129140,993408203;20531182,6875;165838382,5;642103,31640625;9290707,5;110316,005126953
4;125146862,90625;587584,149414062;560061,598716736;42430,9432067871;3237876,95605469;2824031,45898438;15708571,5625;6081817,34490967;0;29042343,84375;208660,140625;1099653,82128906;28770813,421875;30079155,140625;16052,0662841797;22406,232421875;1677,68530273438;0;0;0;40135,9881591797;0;0;0;653602,087402344;6767,86572265625;72120,7787475586;1453093,80859375;7558,27783203125;0;0;649,151611328125;50516,8563690186;35274617,4179688;9714,75805664062;1717,90112304688;5000793,13867188;3354859,88378906;9185,947265625;8665428,75390625;0;5976549,64648438;65985380,9375;39694,31640625;5407304,5;1257,78375244141
5;280389644,875;1480928,97949219;15048425,3518066;5179786,98242188;14343052,5507812;4595893,3671875;42368737,96875;28619360,875;0;111636474,125;2332823,9453125;9634199,99804688;77338691,9375;89305497,0625;564826,535644531;20997,841796875;806386,019042969;0;0;0;1841017,25732422;310800,03125;138007,546875;735669,6875;791961,204223633;297747,280700684;1358239,86108398;487766,104003906;2536,64587402344;84130,5078125;1140774,796875;6316445,875;61210,6219596863;22001952,8125;157836,222717285;13281,6318359375;530949,875;24752131,125;257369,494140625;8545427,2734375;54216,1682128906;5445567,00390625;77606984,625;523494,96875;2759260,75;1288969,30004883
6;173855179,378906;710129,2265625;1642428,11035156;168843,680114746;4329928,45791626;2996717,36140442;20104745,6553955;8927264,80485535;0;38880110,6858521;334413,24609375;2094306,90625;37371657,7993774;39800405,7993774;47278,86328125;296142,0625;461649,0625;0;0;0;816214,125;0;11142,6513671875;265035;1024409,609375;31307,396484375;175686,143554688;2335077,65820312;1626,63256835938;30277,73046875;499440,28125;8274834,5;79176,5244140625;41570556,0317383;11708,3076171875;0;9483464,125;4805451,4375;5217,59246826172;10667631,4345703;4776,26416015625;13663069,0849609;94358596,5214844;56280,0390625;1320211,125;53200,441192627
7;109764430,46875;273865,253417969;640739,423828125;84880,9453125;2378641,37451172;2160599,9609375;12155174,3125;5396631,8125;0;23090533,921875;242993,390625;1254846,80419922;21527807,2421875;23025621,6796875;39469,4497070312;14213,7019348145;283561,71875;0;0;0;342512,340820312;0;5267,20361328125;0;559233,03125;60061,98046875;97620,25390625;1363296,625;3910,27624511719;0;0;0;43223,0537109375;32464194,328125;7419,19287109375;4669,5673828125;10244975,5;4812204,79272461;3065,60791015625;5728435,75;12588,8367614746;4313724,125;63305660,171875;1119,13879394531;3561257,5;24749,0209960938
8;89669317,5;307875,971069336;912380,375;545724,125;3093430,046875;1569702,2578125;12621150,4375;4209960,6875;0;23260167,875;263600,073242188;2266540,3359375;20329014,75;22859100,125;34429,2707519531;378865,32421875;575614,6171875;0;0;0;999876,828125;0;10969,46875;277351,248046875;411313,30078125;76260,068359375;158318,312744141;605818,4375;7914,6015625;31684,7707519531;445537,8671875;8193568,75;31790,3972167969;15313670,375;35001,7413635254;0;941824,75;5074095,140625;1645,45288085938;5811542,6875;1435,85754394531;4535140,4375;42550050,5;100674,109375;435548,0625;60052,07421875
9;78457776,5;281988,247070312;500033,477050781;105767,610351562;1962014,625;1194796,4765625;8583721,75;3573959,40625;0;16202305,125;38531,75390625;1062401,3125;14083127,25;15184068,875;79646,578125;87186,587890625;420056,46875;0;0;0;608685,265625;0;21795,328125;295027,15234375;709212,6328125;19409,1069335938;57634,7612304688;1628003,8125;2760,50659179688;33704,0771484375;158020,26171875;4399283,5703125;54814,90625;19321700,9375;1110,03088378906;1775,16455078125;1919573,71875;3817979,75;3640,50634765625;5094443,421875;0;6132094,59375;46462724;94251,16015625;2647004,3125;71301,1435546875
10;55127288,0644531;76750,05859375;124134,4296875;31509,5234375;1283980,05566406;932310,407226562;7233877,97265625;2712454,88085938;0;12395006,0625;61409,1162109375;286002,12890625;10974045,6560364;11321461,4060364;40303,4677734375;82615,1528320312;490935,3125;0;0;0;624812,346191406;0;10956,798828125;301481,546875;249973,032165527;549,704040527344;20114,65625;579933,5;0;34601,126953125;239528,5078125;4685984,875;19320,3762493134;10638529,5957031;2406,83312988281;0;3127097,3125;1495352,3125;1368,88012695312;3975951,75390625;1156,83712768555;5378819,00430298;30786063,9101562;0;0;33893,9606933594
11;29255083,125;13506,3837890625;23283,708984375;11996,4169921875;297535,286117554;337506,450378418;2673561,546875;1128225,49304199;0;4485620,55615234;0;117483,2421875;4069897,44482422;4187378,69482422;0;529,145690917969;26829,046875;0;0;0;27358,19140625;0;0;0;198662,9296875;5953,6357421875;10064,537109375;349605,588867188;0;0;0;0;15354,6357421875;11094778,2578125;0;0;0;665534,84375;6434,20263671875;3658193,125;119516,4296875;2460016,25;20554720,3652344;21001,412109375;1940306,6875;9315,16479492188
12;97070456;320978,5390625;1858837,6171875;609414,59375;3273335,25;1575860,875;12046733,5;7547901,75;0;27233050;47392,478515625;1819277,625;21516596;23383268;38891,7924804688;135645,94921875;367888,06640625;0;0;0;554955,171875;0;12528,0895996094;167964,19140625;504133,46875;80749,20703125;100403,068359375;588773,203125;0;19188,3197021484;257920,15234375;1918666,8125;38964,3916015625;17927103;12737,5385742188;3571,15209960938;1542074,21875;3915373,8125;2963,05834960938;5946504;40773,0546875;8108084,25;45899242;189498,146484375;4423788,75;109918,873046875
13;30167570,5389404;117773,879608154;213044,309570312;42474,1064453125;619790,467292786;391437,832050324;3453604,7277832;1534976,828125;0;6373099,08349609;55336,41796875;372007,6640625;5573355,51800537;6000700,14300537;14867,8408203125;363378,734375;155118,484375;0;0;0;539806,109375;0;6441,44873046875;0;149292,669921875;30379,08203125;15355,4964599609;127128,499023438;0;0;0;8340,251953125;11538,8133544922;6589550,8125;168,226654052734;1395,14404296875;1845378,65625;869444,345703125;0;1712168,03125;0;4323015,4375;17253943,25;2873,54907226562;1566433;1470,56652832031
14;51430962;162855,256835938;647063,194335938;37122,9765625;1900394,3125;1013754,53125;6837109,5;2508964,875;0;13107263,5;5465,4345703125;1029515,296875;11826076;12861047,5;60485,904296875;0;277901,8828125;0;0;0;338387,296875;0;0;186317,765625;219884,8828125;16078,5687561035;82151,208984375;357107,8359375;0;21323,4794921875;348070,7109375;3182134,125;16994,8754882812;9340533;5220,32389831543;3109,57470703125;1802332,5625;2797338,8125;2801,46520996094;2568250,25;1235,21362304688;2485631,125;25124252;39954,96875;1624509,75;23302,1015625
15;122851826;582412,1953125;782722,821411133;65185,4105834961;2284758,46875;1809147,984375;11150000,5;5024552,171875;0;21698814;269584,71875;1132080,90625;21730477;23132148,5;39779,9584960938;134093,046875;468797,8203125;0;0;0;645603,681640625;0;2931,38720703125;0;753625,6484375;63037,580078125;51713,4542236328;2255315,453125;801,394653320312;0;0;0;58247,6572265625;39542147,5;2706,19750976562;0;8149889,7421875;2483200,703125;1836,56787109375;6945491,625;0;11826054,25;77375272;54623,970703125;5172017,78125;14734,0446777344
16;94879066,5;273260,188964844;894996,513671875;353210,745117188;3489305,72460938;1614910,16992188;13135388,046875;5551333,8203125;0;25312365,640625;211352,53515625;1810733,61621094;22453262,1875;24475351,4375;81794,822265625;111058,5234375;337144,57421875;0;0;0;546517,8515625;0;16519,6762695312;238236,6875;373072,372680664;20001,2941894531;103536,270507812;325486,721679688;1014,65838623047;27271,50390625;627999,77734375;6428671,125;28834,7023468018;15899140,7265625;12888,5434570312;3026,28247070312;2642438;4820833,15625;6494,80053710938;6497371,046875;2699,28674316406;4818843,18359375;44544708,9375;22955,6129150391;1613709,75;30158,4450073242
17;52080524,5;61910,40234375;344831,340332031;65719,8359375;1372413,609375;868876,34375;7028644,8125;3971152,65625;0;13713532,875;0;245664,837890625;11033738,5;11279400,5;5942,80407714844;0;486,726135253906;0;0;0;6429,53112792969;0;0;0;170330,79296875;1067,46203613281;8529,56633758545;243763,046875;419,904296875;0;0;22451,07421875;13164,8405761719;16233814;0;0;1222467,875;1117038,015625;0;3556031,125;0;1542969,765625;27081230;57357,03515625;2882297,15625;9575,2314453125
18;50044859,8759766;178812,902832031;179718,499160767;42441,443359375;1561742,171875;853814,755851746;6797265,87316895;2534611,671875;0;12148405,5979004;117940,590820312;474339,360351562;11417724,5905762;12010002,9655762;26782,3316650391;1527169;262708,08984375;0;0;0;1817368,0234375;0;709,615295410156;17007,767578125;252565,7109375;42535,263671875;20087,7710647583;375063;0;1942,97680664062;10136,2451171875;610969,75;19520,7685546875;10543917,6875;14594,6550292969;0;3065672,03515625;1530160,0078125;1204,17944335938;4088187,875;51882,125;3413866,40625;24069061;0;0;9769,1015625
19;62611075;133576,864257812;430190,663085938;149994,875;1008380,90087891;739677,888671875;5741419,6875;2777683,25;0;10980912,515625;30706,0522460938;376610,095703125;9431444,296875;9838763,40625;67356,583984375;334621,41796875;579955,02734375;0;0;0;990206,94140625;0;8274,62109375;0;334275,401367188;1878,57760620117;20637,8713989258;547186,44921875;0;0;12369,83984375;1202185,75;25836,0914916992;20620052,4375;654,361938476562;0;4549121,296875;1380493,3046875;0;4103054,234375;4511,35107421875;4557735,953125;40801165,625;75199,2705078125;3358509,9375;7556,1591796875
20;51612243,5;154596,198486328;476707,9375;116575,3828125;852179,1953125;707796,91796875;5253613,34375;2170888,921875;0;9732361;76668,640625;414699,439453125;8500927,34375;8992301,34375;34133,2109375;84211,2109375;199880,21875;0;0;0;318224,625;0;0;0;372475,78515625;493,993377685547;35535,6456298828;986300,3515625;231,808380126953;0;0;0;28788,59375;15015223,5;12917,6884765625;0;1474195,25;1318510,9609375;0;2800631,21875;0;6205867,6875;32569535;96011,8125;4217491;4894,00830078125
21;126728433;226196,958251953;819528,423828125;251014,910644531;3253596,9609375;1940437,6484375;15298487,75;7155971,9375;0;28945167,5;94449,9921875;1008462,88476562;24616487;25719372;77083,1484375;247591;1035554,4375;0;0;0;1374845,25;0;14631,5927734375;425554,3125;564335,83984375;18877,71484375;73052,1206054688;1462816,046875;0;48615,55859375;460873,21875;8133057;43617,4321289062;24951366;8092,099609375;2712,20141601562;4823086,75;3059685,296875;431,950836181641;10537481,8125;2732,205078125;13333583,75;70688898;0;2693983,5;44864,0859375
22;62991488;141193,897216797;774435,322265625;42049,7252197266;1934391,46875;1194929,875;7169562,75;1950152,9375;0;13206713;121105,5390625;1259280,6640625;12405923,75;13786292,25;18207,5073242188;26427,7664489746;52795,376953125;0;0;0;104881,654296875;0;7450,9609375;0;246596,109375;61805,2548828125;56849,6606445312;972693,53125;521,900024414062;0;0;782,272583007812;19059,39453125;13835263;10586,359375;404,314117431641;1210435,71875;3319036,15625;0;4526077,375;0;8887960;35893398;5664,3720703125;2723063,78125;16672,7385253906
23;54265260;123642,567382812;351774,2265625;18544,1943359375;1391905,4375;767171,34375;6871166,25;2322836,875;0;11847049,25;10118,681640625;662024,21875;10677335,5;11349490,5;22893,8759765625;494904,828125;291998,015625;0;0;0;814388,171875;0;4595,60400390625;109282,859375;284901,5234375;109450,82421875;33464,5170898438;242411,134765625;3075,765625;12484,533203125;372898;4553385,125;22019,9965820312;12171063,5;3118,15368652344;1481,90673828125;2495415,8125;1524725,15625;0;3689317,9375;3349,81164550781;2686357,75;30254363,5;238309,453125;1684045,78125;13788,3369140625
24;94332485;159486,147705078;460225,018432617;63003,8481445312;2541446,6796875;2273898,953125;11189312,34375;3417009,65234375;0;20104397,125;55403,69140625;1181322,33203125;19839539,625;21076256,8125;73093,607421875;110306,421142578;396844,8125;0;0;0;648115,67578125;0;67869,63671875;134702,109375;629330,234863281;4184,92236328125;73950,46875;1644625,20507812;0;15388,4423828125;187220,765625;3388256,65625;48640,830657959;24464171,25;6624,42077636719;0;415042,3125;2631737,9609375;445,934860229492;5637515,8515625;1054,94766235352;9033351,515625;52503534,375;27407,1939697266;4132807,1875;27165,2977294922
25;60705532;348463,21875;320456,9375;79844,109375;1556200,375;1083074,75;8136989;2453265,75;0;13978307;59415,28515625;982740,6875;13052899;14095061;63457,30859375;0;304676,9375;0;0;0;470118,5;0;101981,8359375;215376,46875;505701,21875;55377,5;65840,59375;2096330,75;0;24604,724609375;309532,90625;2680180,75;39085,63671875;12484255;4101,02099609375;0;747968,1875;3009347,25;888,762145996094;4969935,5;1138,02685546875;3640431,75;32162086;195752,390625;1087511,125;28739,904296875
26;32696762;68570,046875;134155,53125;30150,4609375;1049314,625;456290,25;4023940,75;1965798,5;0;7728239,5;1065800,125;1066386,125;6611433,5;8743620;18420,5234375;36976,6640625;107228,3828125;0;0;0;165933,71875;0;3307,31420898438;86294,640625;178495,4375;14620,373046875;21757,921875;151147,46875;0;9858,3486328125;236895,359375;1565977,625;13795,8798828125;6551515;5436,23876953125;1839,369140625;1214350,625;1260453,875;0;987140,5625;0;1576157,125;16058959;22936,88671875;2138198,25;22119,9765625
27;31193769,4375;233168,875;255065,34375;10608,0042114258;772609,58984375;653917,194946289;4965810,26660156;1593719,85351562;0;8484916,00390625;161004,40625;405251,96875;7843979,51171875;8410234,51171875;451,306488037109;3082,58129882812;0;0;0;0;4095,66674804688;0;561,77880859375;0;58990,6687927246;5514,18115234375;50715,775390625;146565,166992188;441,098205566406;0;0;23625,23046875;4559,38017463684;5999274,74804688;2310,13598632812;0;3305029,36328125;1929939,75;536,054077148438;362650,78125;0;1504882,625;14294596,375;415,189575195312;898287;822,7607421875
28;37523069,375;216947,73046875;416898,879882812;12988,83203125;1092459,28125;625398,942382812;5191948,515625;3396177,96484375;0;10952827,109375;14459,3193359375;236331,793457031;8650058,0625;8900849,453125;4794,67980957031;0;604,756225585938;0;0;0;8318,15148925781;0;2918,71508789062;0;102819,08203125;11362,236328125;16131,1428565979;129674,418945312;0;0;0;0;7946,8703918457;9267074,0625;0;1476,701171875;1577257,78125;960156,856445312;1272,5458984375;2277714,46582031;0;678871,65625;17661050,875;8015,0322265625;2621284,71875;0
29;37201900;97128,5859375;411110,25;22151,474609375;1006679,3125;580668,125;5312236,5;2855735,75;0;10285730;15356,7587890625;638892,625;8437583;9091833;20366,55859375;0;113384,1640625;0;0;0;133750,734375;0;0;47677,671875;210159,453125;0;31949,02734375;296130,6875;0;5446,72314453125;83201,84375;629267,9375;16243,1796875;6882523;246,379180908203;4879,533203125;2029274,5;1321666,625;6704,56005859375;1585333,5;647,389953613281;2726470,5;17690672;27293,25390625;1783959,5;1569,865234375
30;18172588;82672,4453125;217212,84375;0;298029,5625;365841,78125;3042102;1493093,375;0;5498961;32934,70703125;128123,65625;4525606,5;4686665;9217,482421875;410,395568847656;111667,234375;0;0;0;121294,8359375;0;0;0;76824,453125;0;9154,4228515625;78561,7890625;260,950012207031;0;0;2245,107421875;5937,75146484375;2914918,25;0;0;2947,923828125;613834,6875;7441,05126953125;1365289,25;10950,7666015625;1454695,25;7865674,5;0;1322329,375;278,982086181641
31;26893054;99038,3125;195682,34375;27210,494140625;571182,6875;449815,15625;3717866,25;1769802,5;0;6830604;20111,72265625;222973,328125;5671635;5914721,5;3603,23095703125;0;86797,515625;0;0;0;90400,7421875;0;0;0;114034,1328125;11787,279296875;13594,169921875;54034,6796875;2071,70483398438;0;0;0;8813,6767578125;6815845;3602,96459960938;9415,486328125;1472432,25;938166,625;0;1042595;0;1704249,375;14057340;137295,109375;1721647,75;7745,298828125
32;62363971,25;1115134,2512207;5467620,87597656;1296895,875;2114380,4921875;836778,21484375;8204991,9375;8714169,15625;26000,23046875;27775991,25;171891,9375;2072736,171875;16435302,625;18679930,375;102385,1953125;361,172668457031;145181,359375;0;0;0;292629,375;0;44701,5390625;399083,21875;181545,908630371;70762,2075195312;100062,107421875;61183,2709960938;126498,49609375;45910,34765625;165136,21875;905370,9375;14031,655664444;3610728,125;49765,953125;31073,19140625;2153698,453125;5556713,25;17849,8267822266;527613,8515625;10770,4990234375;478210,58984375;15615440,25;165780,888427734;863873,75;79779,375
33;11245321;59225,65625;335970,875;23310,7109375;340103,1875;227475,078125;2119934,25;636081,8125;0;3742099,75;0;374975,09375;3277766,5;3652743;9051,4013671875;657,125183105469;93211,015625;0;0;0;109787,609375;0;6868,0625;0;8892,5;0;18234,900390625;48866,4140625;0;0;0;0;687,300048828125;1314901,5;809,342346191406;0;314030,78125;1152219,375;0;304371,5;0;272040,28125;3740686,25;0;300242,53125;5390,50146484375
34;18021842,03125;23853,7509765625;124662,611328125;57895,1796875;624301,69140625;358936,105957031;3314620,21875;1393421,3671875;0;5897689,75;0;589323,5;4920315,546875;5509639,546875;0;0;0;0;0;0;0;0;0;0;12239,3818359375;22747,065246582;53037,1529846191;59265,7919921875;0;0;0;9373,810546875;945,97998046875;2198329,546875;560,31396484375;3296,98217773438;289708,037353516;2200212,80371094;3454,05297851562;90081,951171875;9409,8828125;427079,9140625;6614522,703125;51577,18359375;1178627,5;4572,47021484375
35;32473162;219902,296875;442765,09375;26146,580078125;726537,125;596836,0625;4842571;2653335,25;0;9508085;26129,0859375;577855,625;7970289;8574291;22608,654296875;3673,255859375;140763,46875;0;0;0;218111,765625;0;51066,9609375;0;141443,328125;4089,86059570312;35079,671875;220158,640625;4074,52856445312;0;0;36330,06640625;10932,12890625;6015419;7807,30615234375;5143,29296875;2273346,75;1644043,875;557,807006835938;1399529;0;799398,1875;14172627;0;1573923,875;1342,89685058594
36;24849409,7890625;131283,5;297845,34375;64204,93359375;916748,446838379;471632,309814453;3881509,44042969;2633064,06079102;0;8396293,12988281;51979,9296875;267883,0625;6534299,39160156;6854162,39160156;0;0;0;0;0;0;0;0;0;0;96714,3828125;16676,5703125;9680,40234375;112515,546875;0;0;0;679,066467285156;7475,03662109375;5205246,24414062;68,8802032470703;0;0;528414,375;0;1473880,125;0;781866,1875;9599011,24414062;0;1365550,625;245,882522583008
37;34420917;49709,76953125;645121,234375;61781,736328125;1509695,9375;611435,75;5455081,875;2724002,375;0;11056820,5;16083,693359375;829239,0625;8929335,5;9774657,75;15644,087890625;0;130384,9609375;0;0;0;157323,81640625;0;11294,7109375;46459,7890625;159580,96875;30762,009765625;34958,595703125;63427,5390625;28474,0107421875;5307,59130859375;138810,71875;1847750,375;12333,9892578125;4693470;5109,05657958984;3477,44848632812;1557360,78125;2593156,6875;0;1053263,34375;2555,07397460938;663400,1875;13432122;25955,5927734375;456773,9609375;9736,00134277344
38;32024737;128307,389648438;797182,3203125;198380,625;1130244,875;495611,671875;4498115,375;3365933,875;0;10613765,75;187636,0390625;707715,9375;7897925,5;8793279,25;714,869445800781;10518,30859375;65518,552734375;0;0;0;79273,40625;0;2521,66870117188;0;261833,5078125;27728,3034667969;34340,7197265625;162472,498046875;0;0;0;0;20237,0756835938;5159711,375;16606,75;6517,61285400391;716941,25;2895485,8125;2775,05126953125;732654;1122,35147094727;403103,296875;12538419;25040,9262695312;2055044,5;16795,6665039062
39;36585792;282371,84375;229355,0625;26281,138671875;791684,1875;681366,0625;4887856;2154770,25;0;9053696;191040,40625;400739,0625;8050423,5;8642194;5310,97509765625;2203,33837890625;23082,974609375;0;0;0;30597,287109375;0;0;0;122022,3515625;14400,60546875;38356,1875;226514,703125;0;0;0;68011,3515625;9431,087890625;9129040;588,131042480469;857,21533203125;3573878,25;1489669,125;728,722839355469;1208976,375;1598,88049316406;1084908,375;18859302;0;1890047,5;307,353149414062
40;39745112;110268,765625;462007,134765625;190225,4453125;1425072,34375;664363,265625;5618637,375;3893060;0;12363622,5;0;249008,3515625;9398219,25;9647227,5;0;20001,1015625;0;0;0;0;21293,61328125;0;1292,513671875;22703,87890625;165385,3984375;16395,2822265625;14317,6259765625;212389,65234375;0;2593,7041015625;88134,1484375;969310,5;12782,6171875;8269258,5;231,808349609375;0;919085,53125;1086445,09375;1210,39453125;2101174,3125;725,766418457031;486497,1875;17712962;130135,408203125;3193323,5;20876,3759765625
41;49823087,25;98747,6328125;242303,96875;56837,41796875;1027335,70898438;691334,3125;5200094,21875;3277079,28125;0;10593748;194555,390625;767565,58203125;8840966,90625;9803083,3125;1761,90045166016;121,211288452148;0;0;0;0;1883,11175537109;0;0;0;421031,470703125;3650,79833984375;60324,4543457031;1175404,8984375;1785,58679199219;0;0;9904,7978515625;32541,4548339844;12800887,875;2118,06640625;6706,755859375;3217227;1066847,22265625;1188,64172363281;2575202,703125;0;3077691,578125;29424356,375;4972,90966796875;4963236,6328125;3494,36865234375
42;18010716;131497,515625;133866,265625;48224,15234375;536559;279547,6875;2451568,25;1154763,875;0;4736030,5;0;280801,0625;3969372;4250174;6715,4404296875;1153,66076660156;60857,6171875;0;0;0;68726,5546875;0;0;0;153817,78125;0;22544,84375;325086,5;0;0;0;0;11888,5478515625;2922176;319,233245849609;8242,455078125;1554811,875;960343,4375;0;812384;0;1037015,875;8955769;52301,40625;1091483,375;3371,42724609375
43;20397400;6777,79833984375;160329,015625;3202,08129882812;409999,09375;324767,65625;2517344,25;1494883,75;0;4917304,5;156635,390625;222263,21875;4231800;4610699,5;8379,859375;0;121307,921875;0;0;0;129687,7734375;0;0;0;193796,421875;1595,73950195312;15621,158203125;427478,78125;0;0;0;0;14978,513671875;5271853,5;1168,31408691406;0;654865,25;742463,6875;0;1227752,625;0;338878,15625;10739698;1126,94323730469;1844450;3650,40966796875
44;48444538;153931,05078125;361675,919921875;28677,90234375;1616319,28125;823194,40625;7471511,5;3603364,5;0;14058658,5;0;1028882,5;12030044,25;13058929,25;24796,58203125;42300,7236328125;125025,081054688;0;0;0;199518,41796875;0;7396,0498046875;173304,8359375;187661,78515625;37014,8393554688;34836,6508789062;221605,6328125;887,494934082031;19927,2890625;187069,384765625;1609361,9765625;14504,3527832031;7964587,25;6080,00244140625;9851,03564453125;2494829,625;3310759,125;3579,9091796875;1565993,6875;1705,47265625;1918160,3125;21127410;28791,6796875;1321683,9375;15202,1620483398
45;28339736;144062,75;533594,1875;21457,568359375;1011976,8125;508688,59375;4356984,5;2532857,5;0;9109617;73620,34375;243874,828125;7119025,5;7436521;660,712707519531;0;0;0;0;0;660,712707519531;0;0;0;212256,84375;0;13163,6845703125;122910,3828125;372,218048095703;0;0;0;16405,294921875;4727504;0;0;1166924,625;700456,125;912,068908691406;1168288,375;6422,17041015625;1204167,375;11792914;18297,99609375;2429291,75;5527,6279296875
46;14477536;52559,3828125;53006,03125;0;189552,375;240642,0625;1837344,125;980898,0625;0;3354001,75;0;230150,921875;2868833;3098982,75;1306,98352050781;12072,529296875;0;0;0;0;13379,5107421875;0;0;0;80208,8515625;0;28247,556640625;232006,734375;553,69091796875;0;0;0;6199,328125;3379725,5;0;0;2049628,375;377111,40625;3438,51513671875;1081398,75;0;265334,40625;8011140;0;501803,40625;5513,4423828125
47;49285899,5;248318,950378418;681204,9140625;32276,2062988281;1740123,671875;1068700,8046875;7015129,125;3300864,6875;0;14086587,875;49061,7587890625;528069,640625;11666262,3125;12243395,8125;52192,69921875;0;160862,265625;0;0;0;261887,171875;0;48832,49609375;0;317030,640625;19669,01171875;24075,9339752197;446197,015625;0;0;0;0;24503,2602539062;9767324,25;753,708374023438;0;3140433,453125;1688444,296875;1171,55004882812;1965230,390625;0;2256990,5;22694071,25;209691,078125;2806731,25;25827,1241455078
48;25045756;99556,96875;269039,25;18675,9296875;1241430,625;460822,21875;4409480,5;1779568,75;0;8278575;0;750995,5625;6978811,5;7729811,5;25045,69921875;0;93703,671875;0;0;0;128168,6328125;0;9419,2978515625;48388,50390625;61879,79296875;7183,1640625;58145,0859375;43746,12890625;0;5527,9296875;63914,1953125;912390,25;4782,67919921875;2620550,25;2965,82250976562;0;329350,53125;2437799;12671,076171875;705705,9375;833,925964355469;513283,90625;8909195;64983,41015625;1002901,0625;12194,8271484375
49;20296678,5;238007,651367188;375014,911132812;16101,0185546875;729954,99609375;400984,578125;3883892,5625;1298359,328125;0;6942315,4375;17812,767578125;505517,435302734;5981146,75;6504478,375;24915,73046875;3194,56274414062;91741,8203125;0;0;0;126035,8984375;0;6183,79052734375;0;28970,0384521484;977,078369140625;51939,0355834961;41543,5712890625;0;0;0;0;2239,08975601196;1633509,859375;1760,41918945312;5155,43896484375;320649,203125;2494752,53125;1923,57971191406;277577,982421875;0;596637,953125;6723860,75;99033,640625;1165090,6875;2094,72998046875
50;38106256;123814,3984375;292567,75;23212,1796875;865066,129882812;658407,819335938;5017318,49609375;3466121,83398438;0;10446516,3203125;10426,8037109375;375012,59375;8491197,2265625;8876645,2265625;1902,70825195312;0;0;0;0;0;1902,70825195312;0;0;0;160597,766601562;13220,9501953125;15242,9013671875;297626,396484375;0;0;0;0;12412,5833587646;11099593,40625;0;0;0;808742,1875;0;2491690,49963379;0;904914,17578125;18781342,15625;16109,66796875;2955441,4609375;5716,76904296875
51;25434185,84375;8483,5087890625;200403,25;32827,68359375;609322,520507812;400822,413085938;2877405,62304688;2267773,35742188;0;6397036,8671875;0;185512,578125;5015787,60546875;5201295,60546875;3281,90063476562;0;0;0;0;0;3281,90063476562;0;0;0;205229,146484375;498,278869628906;11287,03515625;527100,107421875;0;0;0;0;15862,123626709;8530501,1796875;735,163757324219;0;0;728942,3125;587,328857421875;2020666,75;20497,021484375;380493,6875;13832564,375;8839,16796875;1379174,875;2127,82934570312
